":START_ID",":END_ID","relation","concepts","synsets",":TYPE"
"上海电气燃气轮机有限公司","燃机RDS模块安装调试手册","拥有产权","['拥有', '产权', '所有权', '占有']","[]","Relation"
"燃机RDS模块安装调试手册","DG50011918","资料编号为","['资料标识', '编号关联', '唯一编号', '编码对应']","[]","Relation"
"上海电气燃气轮机有限公司","RDS模块","制造","['打造', '创造', '生产', '制作', '构造']","[]","Relation"
"瑞荟流体技术有限公司","RDS模块","制造","['打造', '创造', '生产', '制作', '构造']","[]","Relation"
"RDS模块","MBA51AP001-KP01 + MBA51AP001-M01-E01","包含液压泵组","['涵盖', '包括', '蕴含', '包含']","[]","Relation"
"RDS模块","MBA51AP002-KP01 + MBA51AP002-M02-E01","包含液压泵组","['涵盖', '包括', '蕴含', '包含']","[]","Relation"
"RDS模块","MBA51BB001","包含蓄能器","['能量储备', '储存能量', '蓄能装置', '能量容纳']","[]","Relation"
"RDS模块","MBA51BB002","包含蓄能器","['能量储备', '储存能量', '蓄能装置', '能量容纳']","[]","Relation"
"RDS模块","MBA53AA191","包含安全阀","['防护机制', '安全结构', '安全装置', '包含', '释放压力']","[]","Relation"
"RDS模块","MBA51AA193","包含安全阀","['防护机制', '安全结构', '安全装置', '包含', '释放压力']","[]","Relation"
"RDS模块","MBA51AA194","包含安全阀","['防护机制', '安全结构', '安全装置', '包含', '释放压力']","[]","Relation"
"RDS模块","MBA53AA002-Y01-S11","包含电磁阀","['集成', '包括', '包含', '容纳']","[]","Relation"
"RDS模块","MBA53AA003-Y01-S11","包含电磁阀","['集成', '包括', '包含', '容纳']","[]","Relation"
"RDS模块","MBA53AA006-Y01-S11","包含电磁阀","['集成', '包括', '包含', '容纳']","[]","Relation"
"RDS模块","MBA53AA001-Y01-S21","包含电磁阀","['集成', '包括', '包含', '容纳']","[]","Relation"
"RDS模块","MBA53AA005-Y01-S21","包含电磁阀","['集成', '包括', '包含', '容纳']","[]","Relation"
"RDS模块","MBA54AA281","包含流量调节阀","['调节', '流量控制', '阀门', '包含']","[]","Relation"
"RDS模块","MBA54AA282","包含流量调节阀","['调节', '流量控制', '阀门', '包含']","[]","Relation"
"RDS模块","MBA53AA281","包含流量调节阀","['调节', '流量控制', '阀门', '包含']","[]","Relation"
"RDS模块","MBA53AA282","包含流量调节阀","['调节', '流量控制', '阀门', '包含']","[]","Relation"
"RDS模块","ISO VG46","使用液压油","['动力传输', '液压传动', '油液驱动', '使用液压油']","[]","Relation"
"RDS模块","填充蓄能器","使用氮气","['充气', '氮化', '惰性保护', '气体填充']","[]","Relation"
"RDS模块","固定水平面","安装于","['嵌入于', '固定于', '附着于', '安装于']","[]","Relation"
"RDS模块","底座安装孔","需固定于","['锁定于', '定位在', '固定于', '依托于', '依附于']","[]","Relation"
"RDS模块","至少1米","需保持与墙面距离","['避免接触', '留出空间', '间隔设置', '保持距离']","[]","Relation"
"RDS模块","环境温度0°C至40°C","需在干燥无尘环境中存放","['存放条件', '保存要求', '干燥环境', '无尘存放']","[]","Relation"
"RDS模块","6个月","存放时间不超过","['存储周期', '时间限制', '存放时限', '保留期限']","[]","Relation"
"RDS模块","未通电","必须在起吊前确认","['起吊前检查', '必须确认', '确认前', '安全确认']","[]","Relation"
"RDS模块","已断开与管路连接","必须在起吊前确认","['起吊前检查', '必须确认', '确认前', '安全确认']","[]","Relation"
"RDS模块","所有部件处于安全状态","必须在起吊前确认","['起吊前检查', '必须确认', '确认前', '安全确认']","[]","Relation"
"RDS模块","60°","起吊时绳索与箱体夹角应大于","['角度控制', '起吊角度', '安全角度', '绳索角度', '夹角大于']","[]","Relation"
"RDS模块","安全检查员指挥","起吊操作需听从","['指挥', '指导', '听从', '指令', '命令']","[]","Relation"
"RDS模块","所有液压连接","调试前需检查","['前置验证', '检查准备', '预检条件', '检查前置']","[]","Relation"
"RDS模块","所有电气连接","调试前需检查","['前置验证', '检查准备', '预检条件', '检查前置']","[]","Relation"
"RDS模块","接口HE的给压","调试前需检查","['前置验证', '检查准备', '预检条件', '检查前置']","[]","Relation"
"RDS模块","物位开关连线","调试前需检查","['前置验证', '检查准备', '预检条件', '检查前置']","[]","Relation"
"RDS模块","温度监控装置连线","调试前需检查","['前置验证', '检查准备', '预检条件', '检查前置']","[]","Relation"
"RDS模块","系统冲洗","调试时需进行","['排查问题', '调整参数', '测试验证', '修复错误']","[]","Relation"
"RDS模块","氮气填充蓄能器","调试时需使用","['调试工具', '调试依赖', '调试辅助', '调试支持']","[]","Relation"
"RDS模块","运输文档签署之日起算","质保期自","['有效期起点', '保障开端', '起始日期', '保修起始']","[]","Relation"
"RDS模块","24个月或36个月","质保期为","['保障时长', '有效保修', '保修周期', '保修期限']","[]","Relation"
"RDS模块","未遵守SGC手册要求","质保失效条件包括","['无效条件', '失效情形', '失效原因', '不适用情况']","[]","Relation"
"RDS模块","擅自改造模块","质保失效条件包括","['无效条件', '失效情形', '失效原因', '不适用情况']","[]","Relation"
"RDS模块","操作不当造成损坏","质保失效条件包括","['无效条件', '失效情形', '失效原因', '不适用情况']","[]","Relation"
"RDS模块","存在爆炸风险的环境","禁止在以下环境使用","['禁止出现', '严禁进入', '不得存在', '禁止使用']","[]","Relation"
"RDS模块","存在有毒性气体的环境","禁止在以下环境使用","['禁止出现', '严禁进入', '不得存在', '禁止使用']","[]","Relation"
"RDS模块","粉尘浓度较高的环境","禁止在以下环境使用","['禁止出现', '严禁进入', '不得存在', '禁止使用']","[]","Relation"
"RDS模块","存在油气挥发物质的环境","禁止在以下环境使用","['禁止出现', '严禁进入', '不得存在', '禁止使用']","[]","Relation"
"RDS模块","高火灾风险的环境","禁止在以下环境使用","['禁止出现', '严禁进入', '不得存在', '禁止使用']","[]","Relation"
"RDS模块","安装条件不符合3.3.2要求","禁止在以下环境使用","['禁止出现', '严禁进入', '不得存在', '禁止使用']","[]","Relation"
"RDS模块","工作介质含半液态或固态材质","禁止在以下环境使用","['禁止出现', '严禁进入', '不得存在', '禁止使用']","[]","Relation"
"RDS模块","未正确连接管道至用户机组","禁止在以下环境使用","['禁止出现', '严禁进入', '不得存在', '禁止使用']","[]","Relation"
"RDS模块","具备专业资质人员完成","维护操作需由","['执行', '操作主体', '负责', '主导']","[]","Relation"
"RDS模块","模块未通电","维护操作前需确认","['操作前验证', '前置确认', '确认前操作', '操作前检查']","[]","Relation"
"RDS模块","蓄能器已泄压","维护操作前需确认","['操作前验证', '前置确认', '确认前操作', '操作前检查']","[]","Relation"
"RDS模块","运行介质温度低于30℃","维护操作前需确认","['操作前验证', '前置确认', '确认前操作', '操作前检查']","[]","Relation"
"在运输到安装地点之前，应检查可用空间。","只有在确保运输路线和安装地点为 RDS 提供了足够空间的情况下，才能将其运输到安装地点。","之前","['之前', '早于', '先行', '前于', '先前']","[]","Relation"
"模块必须安装在固定的水平面上。","绝不能安装在可移动平面上，也不能安装在竖直平面或者倾斜平面上。","之前","['之前', '早于', '先行', '前于', '先前']","[]","Relation"
"在起吊操作前，须确认操作区域内无人员。","起吊操作必须听从负责起吊安全的安全检查员的统一指挥。","之前","['之前', '早于', '先行', '前于', '先前']","[]","Relation"
"在割开绷紧带前，应戴好防护手套。","防止绷紧带末端松开晃动，避免伤及人体。","之前","['之前', '早于', '先行', '前于', '先前']","[]","Relation"
"在设置液压连接线路前，必须确保管道已冲洗完毕。","在连接到 RDS 之前，要连接的管道应该已经冲洗完毕。","之前","['之前', '早于', '先行', '前于', '先前']","[]","Relation"
"在进行所有维护或维修工作之前，必须释放流体侧的压力。","否则可能导致爆炸或液压流体喷溅，造成严重事故。","之前","['之前', '早于', '先行', '前于', '先前']","[]","Relation"
"在打开管路或拆卸阀门时如果有油体流出，表示有剩余压力。","因此必须非常缓慢地打开管路和阀门，逐渐释放压力。","因为","['原因', '起因', '原理', '导致', '由...引起']","[]","Relation"
"在填充或置换运行介质期间禁止吸烟和明火。","以防止火灾或爆炸风险。","因为","['原因', '起因', '原理', '导致', '由...引起']","[]","Relation"
"在模块运行期间禁止进行维修操作。","否则可能导致机械伤害、电击或烫伤等安全事故。","因为","['原因', '起因', '原理', '导致', '由...引起']","[]","Relation"
"在调试前必须检查所有液压连接。","否则可能导致系统故障或设备损坏。","之前","['之前', '早于', '先行', '前于', '先前']","[]","Relation"
"在对 RDS 进行排气操作之前，必须完成检查。","以确保系统安全，防止压力异常造成危险。","之前","['之前', '早于', '先行', '前于', '先前']","[]","Relation"
"在使用氮气填充蓄能器前，必须确认蓄能器已泄压。","否则可能导致爆炸或喷射事故。","之前","['之前', '早于', '先行', '前于', '先前']","[]","Relation"
"在进行调整或维修工作时必须使用合适的工具和设备。","以避免意外启动或操作不当引发安全事故。","因为","['原因', '起因', '原理', '导致', '由...引起']","[]","Relation"
"在完成安装后，必须准备调试。","调试前需完成检查清单并确认所有连接正常。","之后","['紧随', '之后', '接续', '后续']","[]","Relation"
"在完成冲洗系统后，才能进行下一步调试。","否则系统可能因污染而损坏。","之后","['紧随', '之后', '接续', '后续']","[]","Relation"
"在确认模块未通电且蓄能器已泄压后，方可进行维护工作。","以确保操作人员安全，防止电击或高压喷射伤害。","之后","['紧随', '之后', '接续', '后续']","[]","Relation"
"在拆包后，必须立即检查模块外观和连接接口。","以确认设备在运输过程中未受损。","之后","['紧随', '之后', '接续', '后续']","[]","Relation"
"在起吊模块前，必须确认模块重心在支架范围内。","以保证起吊过程稳定，防止倾覆或坠落。","之后","['紧随', '之后', '接续', '后续']","[]","Relation"
"在连接电气线路前，必须确认电源已断开。","以防止电击事故。","之后","['紧随', '之后', '接续', '后续']","[]","Relation"
"在完成所有检查后，才能启动系统进行调试。","以确保系统处于安全状态，避免运行故障。","之后","['紧随', '之后', '接续', '后续']","[]","Relation"
"上海电气燃气轮机有限公司拥有燃机RDS模块安装调试手册的产权。","上海电气燃气轮机有限公司","is participated by","['被涉及', '被参与', '被卷入', '被参加']","[]","Relation"
"上海电气燃气轮机有限公司拥有燃机RDS模块安装调试手册的产权。","燃机RDS模块安装调试手册","is participated by","['被涉及', '被参与', '被卷入', '被参加']","[]","Relation"
"未经上海电气燃气轮机有限公司书面同意，不得擅自复制、转让、披露或提供燃机RDS模块安装调试手册。","上海电气燃气轮机有限公司","is participated by","['被涉及', '被参与', '被卷入', '被参加']","[]","Relation"
"未经上海电气燃气轮机有限公司书面同意，不得擅自复制、转让、披露或提供燃机RDS模块安装调试手册。","燃机RDS模块安装调试手册","is participated by","['被涉及', '被参与', '被卷入', '被参加']","[]","Relation"
"燃机RDS模块安装调试手册的文档编号为DG50011918。","燃机RDS模块安装调试手册","is participated by","['被涉及', '被参与', '被卷入', '被参加']","[]","Relation"
"燃机RDS模块安装调试手册的文档编号为DG50011918。","DG50011918","is participated by","['被涉及', '被参与', '被卷入', '被参加']","[]","Relation"
"燃机RDS模块安装调试手册的版本为00。","燃机RDS模块安装调试手册","is participated by","['被涉及', '被参与', '被卷入', '被参加']","[]","Relation"
"燃机RDS模块安装调试手册的版本为00。","00","is participated by","['被涉及', '被参与', '被卷入', '被参加']","[]","Relation"
"燃机RDS模块安装调试手册的保密等级为2。","燃机RDS模块安装调试手册","is participated by","['被涉及', '被参与', '被卷入', '被参加']","[]","Relation"
"燃机RDS模块安装调试手册的保密等级为2。","2","is participated by","['被涉及', '被参与', '被卷入', '被参加']","[]","Relation"
"燃机RDS模块安装调试手册的页码范围为1至26。","燃机RDS模块安装调试手册","is participated by","['被涉及', '被参与', '被卷入', '被参加']","[]","Relation"
"燃机RDS模块安装调试手册的页码范围为1至26。","1","is participated by","['被涉及', '被参与', '被卷入', '被参加']","[]","Relation"
"燃机RDS模块安装调试手册的页码范围为1至26。","26","is participated by","['被涉及', '被参与', '被卷入', '被参加']","[]","Relation"
"燃机RDS模块安装调试手册的标题为燃机RDS模块安装调试手册。","燃机RDS模块安装调试手册","is participated by","['被涉及', '被参与', '被卷入', '被参加']","[]","Relation"
"燃机RDS模块安装调试手册的文件类型为系统代码J11。","燃机RDS模块安装调试手册","is participated by","['被涉及', '被参与', '被卷入', '被参加']","[]","Relation"
"燃机RDS模块安装调试手册的文件类型为系统代码J11。","J11","is participated by","['被涉及', '被参与', '被卷入', '被参加']","[]","Relation"
"燃机RDS模块安装调试手册的产品/结构为AE94.3A/AE94.2。","燃机RDS模块安装调试手册","is participated by","['被涉及', '被参与', '被卷入', '被参加']","[]","Relation"
"燃机RDS模块安装调试手册的产品/结构为AE94.3A/AE94.2。","AE94.3A/AE94.2","is participated by","['被涉及', '被参与', '被卷入', '被参加']","[]","Relation"
"燃机RDS模块安装调试手册的编写部门为产品部。","燃机RDS模块安装调试手册","is participated by","['被涉及', '被参与', '被卷入', '被参加']","[]","Relation"
"燃机RDS模块安装调试手册的编写部门为产品部。","产品部","is participated by","['被涉及', '被参与', '被卷入', '被参加']","[]","Relation"
"燃机RDS模块安装调试手册的语言为中文。","燃机RDS模块安装调试手册","is participated by","['被涉及', '被参与', '被卷入', '被参加']","[]","Relation"
"燃机RDS模块安装调试手册的语言为中文。","中文","is participated by","['被涉及', '被参与', '被卷入', '被参加']","[]","Relation"
"燃机RDS模块安装调试手册的编制人员为周蕾、张洁、刘海博、孙博。","燃机RDS模块安装调试手册","is participated by","['被涉及', '被参与', '被卷入', '被参加']","[]","Relation"
"燃机RDS模块安装调试手册的编制人员为周蕾、张洁、刘海博、孙博。","周蕾","is participated by","['被涉及', '被参与', '被卷入', '被参加']","[]","Relation"
"燃机RDS模块安装调试手册的编制人员为周蕾、张洁、刘海博、孙博。","张洁","is participated by","['被涉及', '被参与', '被卷入', '被参加']","[]","Relation"
"燃机RDS模块安装调试手册的编制人员为周蕾、张洁、刘海博、孙博。","刘海博","is participated by","['被涉及', '被参与', '被卷入', '被参加']","[]","Relation"
"燃机RDS模块安装调试手册的编制人员为周蕾、张洁、刘海博、孙博。","孙博","is participated by","['被涉及', '被参与', '被卷入', '被参加']","[]","Relation"
"燃机RDS模块安装调试手册的批准日期为2023年5月。","燃机RDS模块安装调试手册","is participated by","['被涉及', '被参与', '被卷入', '被参加']","[]","Relation"
"燃机RDS模块安装调试手册的批准日期为2023年5月。","2023.05","is participated by","['被涉及', '被参与', '被卷入', '被参加']","[]","Relation"
"燃机RDS模块安装调试手册的版本修改描述为初版[默认]。","燃机RDS模块安装调试手册","is participated by","['被涉及', '被参与', '被卷入', '被参加']","[]","Relation"
"燃机RDS模块安装调试手册的版本修改描述为初版[默认]。","初版[默认]","is participated by","['被涉及', '被参与', '被卷入', '被参加']","[]","Relation"
"燃机RDS模块的质保期为业主验收模块开始24个月或模块最终测试后36个月。","燃机RDS模块","is participated by","['被涉及', '被参与', '被卷入', '被参加']","[]","Relation"
"燃机RDS模块的质保期为业主验收模块开始24个月或模块最终测试后36个月。","24个月","is participated by","['被涉及', '被参与', '被卷入', '被参加']","[]","Relation"
"燃机RDS模块的质保期为业主验收模块开始24个月或模块最终测试后36个月。","36个月","is participated by","['被涉及', '被参与', '被卷入', '被参加']","[]","Relation"
"若用户未严格遵守SGC手册要求，因操作不当造成模块损坏，质保失效。","用户","is participated by","['被涉及', '被参与', '被卷入', '被参加']","[]","Relation"
"若用户未严格遵守SGC手册要求，因操作不当造成模块损坏，质保失效。","SGC手册","is participated by","['被涉及', '被参与', '被卷入', '被参加']","[]","Relation"
"若用户未严格遵守SGC手册要求，因操作不当造成模块损坏，质保失效。","燃机RDS模块","is participated by","['被涉及', '被参与', '被卷入', '被参加']","[]","Relation"
"若用户未经SGC同意擅自对模块进行改造，质保失效。","用户","is participated by","['被涉及', '被参与', '被卷入', '被参加']","[]","Relation"
"若用户未经SGC同意擅自对模块进行改造，质保失效。","SGC","is participated by","['被涉及', '被参与', '被卷入', '被参加']","[]","Relation"
"若用户未经SGC同意擅自对模块进行改造，质保失效。","燃机RDS模块","is participated by","['被涉及', '被参与', '被卷入', '被参加']","[]","Relation"
"所有非由模块部件缺陷引起的运行失效和/或损坏均不在质保范围内。","燃机RDS模块","is participated by","['被涉及', '被参与', '被卷入', '被参加']","[]","Relation"
"所有非由模块部件缺陷引起的运行失效和/或损坏均不在质保范围内。","部件缺陷","is participated by","['被涉及', '被参与', '被卷入', '被参加']","[]","Relation"
"使用警告符号提醒注意与人员安全相关的问题。","警告符号","is participated by","['被涉及', '被参与', '被卷入', '被参加']","[]","Relation"
"使用警告符号提醒注意与人员安全相关的问题。","人员安全","is participated by","['被涉及', '被参与', '被卷入', '被参加']","[]","Relation"
"与设备损坏相关的说明不带三角形警告标志。","设备损坏","is participated by","['被涉及', '被参与', '被卷入', '被参加']","[]","Relation"
"与设备损坏相关的说明不带三角形警告标志。","三角形警告标志","is participated by","['被涉及', '被参与', '被卷入', '被参加']","[]","Relation"
"警告信息按危险程度由高到低排列，表示可能导致死亡或严重人体伤害。","警告信息","is participated by","['被涉及', '被参与', '被卷入', '被参加']","[]","Relation"
"警告信息按危险程度由高到低排列，表示可能导致死亡或严重人体伤害。","死亡","is participated by","['被涉及', '被参与', '被卷入', '被参加']","[]","Relation"
"警告信息按危险程度由高到低排列，表示可能导致死亡或严重人体伤害。","严重人体伤害","is participated by","['被涉及', '被参与', '被卷入', '被参加']","[]","Relation"
"警告信息表示可能导致轻度人体伤害。","警告信息","is participated by","['被涉及', '被参与', '被卷入', '被参加']","[]","Relation"
"警告信息表示可能导致轻度人体伤害。","轻度人体伤害","is participated by","['被涉及', '被参与', '被卷入', '被参加']","[]","Relation"
"无三角形警告标志的信息表示可能导致设备损坏。","设备损坏","is participated by","['被涉及', '被参与', '被卷入', '被参加']","[]","Relation"
"无三角形警告标志的信息表示可能导致设备损坏。","无三角形警告标志","is participated by","['被涉及', '被参与', '被卷入', '被参加']","[]","Relation"
"蓄能器系统在开路状态下放电可能导致爆炸。","蓄能器系统","is participated by","['被涉及', '被参与', '被卷入', '被参加']","[]","Relation"
"蓄能器系统在开路状态下放电可能导致爆炸。","开路状态","is participated by","['被涉及', '被参与', '被卷入', '被参加']","[]","Relation"
"蓄能器系统在开路状态下放电可能导致爆炸。","爆炸","is participated by","['被涉及', '被参与', '被卷入', '被参加']","[]","Relation"
"蓄能器系统放电可能导致飞溅部件和液压流体喷溅，造成死亡或致残性严重事故。","蓄能器系统","is participated by","['被涉及', '被参与', '被卷入', '被参加']","[]","Relation"
"蓄能器系统放电可能导致飞溅部件和液压流体喷溅，造成死亡或致残性严重事故。","飞溅部件","is participated by","['被涉及', '被参与', '被卷入', '被参加']","[]","Relation"
"蓄能器系统放电可能导致飞溅部件和液压流体喷溅，造成死亡或致残性严重事故。","液压流体喷溅","is participated by","['被涉及', '被参与', '被卷入', '被参加']","[]","Relation"
"蓄能器系统放电可能导致飞溅部件和液压流体喷溅，造成死亡或致残性严重事故。","死亡","is participated by","['被涉及', '被参与', '被卷入', '被参加']","[]","Relation"
"蓄能器系统放电可能导致飞溅部件和液压流体喷溅，造成死亡或致残性严重事故。","致残性严重事故","is participated by","['被涉及', '被参与', '被卷入', '被参加']","[]","Relation"
"在进行维护或维修工作前，必须释放流体侧的压力。","维护工作","is participated by","['被涉及', '被参与', '被卷入', '被参加']","[]","Relation"
"在进行维护或维修工作前，必须释放流体侧的压力。","维修工作","is participated by","['被涉及', '被参与', '被卷入', '被参加']","[]","Relation"
"在进行维护或维修工作前，必须释放流体侧的压力。","流体侧压力","is participated by","['被涉及', '被参与', '被卷入', '被参加']","[]","Relation"
"压力传感器MBA51CP101、MBA51CP102和MBA51CP103监控蓄能器压力。","压力传感器MBA51CP101","is participated by","['被涉及', '被参与', '被卷入', '被参加']","[]","Relation"
"压力传感器MBA51CP101、MBA51CP102和MBA51CP103监控蓄能器压力。","压力传感器MBA51CP102","is participated by","['被涉及', '被参与', '被卷入', '被参加']","[]","Relation"
"压力传感器MBA51CP101、MBA51CP102和MBA51CP103监控蓄能器压力。","压力传感器MBA51CP103","is participated by","['被涉及', '被参与', '被卷入', '被参加']","[]","Relation"
"压力传感器MBA51CP101、MBA51CP102和MBA51CP103监控蓄能器压力。","蓄能器压力","is participated by","['被涉及', '被参与', '被卷入', '被参加']","[]","Relation"
"液压流体喷溅会产生危险，可能导致伤害或火灾。","液压流体喷溅","is participated by","['被涉及', '被参与', '被卷入', '被参加']","[]","Relation"
"液压流体喷溅会产生危险，可能导致伤害或火灾。","伤害","is participated by","['被涉及', '被参与', '被卷入', '被参加']","[]","Relation"
"液压流体喷溅会产生危险，可能导致伤害或火灾。","火灾","is participated by","['被涉及', '被参与', '被卷入', '被参加']","[]","Relation"
"在存在剩余压力的情况下，传感器零区和压力计不精确会导致无法读取压力。","剩余压力","is participated by","['被涉及', '被参与', '被卷入', '被参加']","[]","Relation"
"在存在剩余压力的情况下，传感器零区和压力计不精确会导致无法读取压力。","传感器零区","is participated by","['被涉及', '被参与', '被卷入', '被参加']","[]","Relation"
"在存在剩余压力的情况下，传感器零区和压力计不精确会导致无法读取压力。","压力计","is participated by","['被涉及', '被参与', '被卷入', '被参加']","[]","Relation"
"打开管路或拆卸阀门时如有油体流出，表示存在剩余压力。","管路","is participated by","['被涉及', '被参与', '被卷入', '被参加']","[]","Relation"
"打开管路或拆卸阀门时如有油体流出，表示存在剩余压力。","阀门","is participated by","['被涉及', '被参与', '被卷入', '被参加']","[]","Relation"
"打开管路或拆卸阀门时如有油体流出，表示存在剩余压力。","油体流出","is participated by","['被涉及', '被参与', '被卷入', '被参加']","[]","Relation"
"打开管路或拆卸阀门时如有油体流出，表示存在剩余压力。","剩余压力","is participated by","['被涉及', '被参与', '被卷入', '被参加']","[]","Relation"
"必须非常缓慢地打开管路和阀门，逐渐释放压力。","管路","is participated by","['被涉及', '被参与', '被卷入', '被参加']","[]","Relation"
"必须非常缓慢地打开管路和阀门，逐渐释放压力。","阀门","is participated by","['被涉及', '被参与', '被卷入', '被参加']","[]","Relation"
"必须非常缓慢地打开管路和阀门，逐渐释放压力。","压力","is participated by","['被涉及', '被参与', '被卷入', '被参加']","[]","Relation"
"只有当没有液压流体溢出且无剩余压力时，才能完全打开管路或拆下阀门。","液压流体溢出","is participated by","['被涉及', '被参与', '被卷入', '被参加']","[]","Relation"
"只有当没有液压流体溢出且无剩余压力时，才能完全打开管路或拆下阀门。","剩余压力","is participated by","['被涉及', '被参与', '被卷入', '被参加']","[]","Relation"
"只有当没有液压流体溢出且无剩余压力时，才能完全打开管路或拆下阀门。","管路","is participated by","['被涉及', '被参与', '被卷入', '被参加']","[]","Relation"
"只有当没有液压流体溢出且无剩余压力时，才能完全打开管路或拆下阀门。","阀门","is participated by","['被涉及', '被参与', '被卷入', '被参加']","[]","Relation"
"溢出的液压流体会导致滑倒危险。","液压流体溢出","is participated by","['被涉及', '被参与', '被卷入', '被参加']","[]","Relation"
"溢出的液压流体会导致滑倒危险。","滑倒危险","is participated by","['被涉及', '被参与', '被卷入', '被参加']","[]","Relation"
"液压流体溢出必须立即按照安全数据单要求进行吸附处理并清除。","液压流体溢出","is participated by","['被涉及', '被参与', '被卷入', '被参加']","[]","Relation"
"液压流体溢出必须立即按照安全数据单要求进行吸附处理并清除。","安全数据单","is participated by","['被涉及', '被参与', '被卷入', '被参加']","[]","Relation"
"液压流体溢出必须立即按照安全数据单要求进行吸附处理并清除。","吸附处理","is participated by","['被涉及', '被参与', '被卷入', '被参加']","[]","Relation"
"处理液压流体前必须阅读并遵守相关安全数据单的要求。","液压流体","is participated by","['被涉及', '被参与', '被卷入', '被参加']","[]","Relation"
"处理液压流体前必须阅读并遵守相关安全数据单的要求。","安全数据单","is participated by","['被涉及', '被参与', '被卷入', '被参加']","[]","Relation"
"处理液压流体前必须阅读并遵守相关安全数据单的要求。","处理","is participated by","['被涉及', '被参与', '被卷入', '被参加']","[]","Relation"
"安全数据单中说明了流体接触皮肤、眼睛或嘴部的处理方法。","安全数据单","is participated by","['被涉及', '被参与', '被卷入', '被参加']","[]","Relation"
"安全数据单中说明了流体接触皮肤、眼睛或嘴部的处理方法。","皮肤","is participated by","['被涉及', '被参与', '被卷入', '被参加']","[]","Relation"
"安全数据单中说明了流体接触皮肤、眼睛或嘴部的处理方法。","眼睛","is participated by","['被涉及', '被参与', '被卷入', '被参加']","[]","Relation"
"安全数据单中说明了流体接触皮肤、眼睛或嘴部的处理方法。","嘴部","is participated by","['被涉及', '被参与', '被卷入', '被参加']","[]","Relation"
"系统必须在完全正常功能下操作，发现异常必须立即关闭系统。","系统","is participated by","['被涉及', '被参与', '被卷入', '被参加']","[]","Relation"
"系统必须在完全正常功能下操作，发现异常必须立即关闭系统。","正常功能","is participated by","['被涉及', '被参与', '被卷入', '被参加']","[]","Relation"
"系统必须在完全正常功能下操作，发现异常必须立即关闭系统。","异常","is participated by","['被涉及', '被参与', '被卷入', '被参加']","[]","Relation"
"关闭系统后必须采取安全措施并立即解决故障。","系统","is participated by","['被涉及', '被参与', '被卷入', '被参加']","[]","Relation"
"关闭系统后必须采取安全措施并立即解决故障。","安全措施","is participated by","['被涉及', '被参与', '被卷入', '被参加']","[]","Relation"
"关闭系统后必须采取安全措施并立即解决故障。","故障","is participated by","['被涉及', '被参与', '被卷入', '被参加']","[]","Relation"
"应定期检查系统是否有损坏或故障。","系统","is participated by","['被涉及', '被参与', '被卷入', '被参加']","[]","Relation"
"应定期检查系统是否有损坏或故障。","损坏","is participated by","['被涉及', '被参与', '被卷入', '被参加']","[]","Relation"
"应定期检查系统是否有损坏或故障。","故障","is participated by","['被涉及', '被参与', '被卷入', '被参加']","[]","Relation"
"调试时必须遵守蓄能器系统安全须知。","调试","is participated by","['被涉及', '被参与', '被卷入', '被参加']","[]","Relation"
"RDS","供给管道 HD / 637B","需要冲洗","['冲洗', '洗涤', '清洗', '冲刷', '冲净']","[]","Relation"
"RDS","供给管道 HE / 638B","需要冲洗","['冲洗', '洗涤', '清洗', '冲刷', '冲净']","[]","Relation"
"RDS","返回管道 HF / 639B","需要冲洗","['冲洗', '洗涤', '清洗', '冲刷', '冲净']","[]","Relation"
"RDS","操作管道 HS1 / 643A","需要冲洗","['冲洗', '洗涤', '清洗', '冲刷', '冲净']","[]","Relation"
"RDS","操作管道 HS2 / 642A","需要冲洗","['冲洗', '洗涤', '清洗', '冲刷', '冲净']","[]","Relation"
"RDS","操作管道 NS1 / 644A","需要冲洗","['冲洗', '洗涤', '清洗', '冲刷', '冲净']","[]","Relation"
"RDS","操作管道 NS2 / 645A","需要冲洗","['冲洗', '洗涤', '清洗', '冲刷', '冲净']","[]","Relation"
"氮气罐","皮囊式蓄能器","提供氮气","['氮源提供', '氮气供给', '供氮']","[]","Relation"
"氮气填充器","皮囊式蓄能器","连接至","['桥接', '通达', '关联', '连接', '联结']","[]","Relation"
"氮气填充器","氮气罐","配备降压器","['加装降压设备', '安装降压器', '配置降压装置', '配备减压组件']","[]","Relation"
"蓄能器三通阀 MBA51AA255","蓄能器流体侧","释放压力","['释放负担', '释放情绪', '心理疏导', '缓解压力']","[]","Relation"
"蓄能器三通阀 MBA51AA256","蓄能器","隔离系统","['封闭', '独立存在', '独立', '隔离', '隔绝']","[]","Relation"
"电机 MBA51AP01-M01-E01","RDS","启动","['激活', '发动', '开始', '启动']","[]","Relation"
"泵 MBA51AP001-KP01","RDS","启动","['激活', '发动', '开始', '启动']","[]","Relation"
"泵 MBA51AP002-KP01","RDS","启动","['激活', '发动', '开始', '启动']","[]","Relation"
"电磁阀 MBA53AA001","主推力端管道 HS1 / 643A","通电","['通电', '导电', '供电', '通电状态']","[]","Relation"
"电磁阀 MBA53AA003","主推力端管道 HS2 / 642A","通电","['通电', '导电', '供电', '通电状态']","[]","Relation"
"电磁阀 MBA53AA005","辅助推力端管道 NS3 / 644A","通电","['通电', '导电', '供电', '通电状态']","[]","Relation"
"电磁阀 MBA53AA006","辅助推力端管道 NS4 / 645A","通电","['通电', '导电', '供电', '通电状态']","[]","Relation"
"压力变送器 MBA51CP101","蓄能器压力","监控","['跟踪', '控制', '审视', '观察', '监视']","[]","Relation"
"压力变送器 MBA51CP102","蓄能器压力","监控","['跟踪', '控制', '审视', '观察', '监视']","[]","Relation"
"压力变送器 MBA51CP103","蓄能器压力","监控","['跟踪', '控制', '审视', '观察', '监视']","[]","Relation"
"压力表 MBA51CP501","系统压力","检查压力","['压力检验', '压力评估', '检测压力', '压力测试']","[]","Relation"
"压力表 MBA51CP502","泵出口压力","显示压力","['压力表现', '压力外显', '显现压力', '压力显露']","[]","Relation"
"压力表 MBA51CP503","泵出口压力","显示压力","['压力表现', '压力外显', '显现压力', '压力显露']","[]","Relation"
"溢流阀 MBA51AA191","180 bar","设定压力","['压力源', '压力施加', '施加压力', '压力制造']","[]","Relation"
"溢流阀 MBA51AA192","180 bar","设定压力","['压力源', '压力施加', '施加压力', '压力制造']","[]","Relation"
"溢流阀 MBA51AA193","210 bar","设定压力","['压力源', '压力施加', '施加压力', '压力制造']","[]","Relation"
"溢流阀 MBA51AA194","210 bar","设定压力","['压力源', '压力施加', '施加压力', '压力制造']","[]","Relation"
"溢流阀 MBA53AA191","210 bar","设定压力","['压力源', '压力施加', '施加压力', '压力制造']","[]","Relation"
"溢流阀 MBA54AA191","210 bar","设定压力","['压力源', '压力施加', '施加压力', '压力制造']","[]","Relation"
"溢流阀 MBA54AA192","210 bar","设定压力","['压力源', '压力施加', '施加压力', '压力制造']","[]","Relation"
"节流阀 MBA53AA281","4 L/min","设定流量","['设定流量', '调整流量', '控制流量', '分配流量']","[]","Relation"
"节流阀 MBA54AA281","4 L/min","设定流量","['设定流量', '调整流量', '控制流量', '分配流量']","[]","Relation"
"节流阀 MBA53AA282","1 L/min","设定流量","['设定流量', '调整流量', '控制流量', '分配流量']","[]","Relation"
"节流阀 MBA54AA282","1 L/min","设定流量","['设定流量', '调整流量', '控制流量', '分配流量']","[]","Relation"
"泵入口管截止阀 MBA51AA251","启动泵","必须打开","['必须打开', '必须启动', '开启', '必须展开']","[]","Relation"
"泵入口管截止阀 MBA51AA252","启动泵","必须打开","['必须打开', '必须启动', '开启', '必须展开']","[]","Relation"
"蓄能器三通阀 MBA51AA255","排气操作","必须关闭","['强制关闭', '强制终止', '必须终止', '必须关闭']","[]","Relation"
"蓄能器三通阀 MBA51AA256","排气操作","必须关闭","['强制关闭', '强制终止', '必须终止', '必须关闭']","[]","Relation"
"电磁换向球阀 MBA53AA001","主推力端管道 HS1 / 643A","得电时关闭","['断路', '停止', '失电', '断开', '关闭']","[]","Relation"
"电磁换向球阀 MBA53AA002","主推力端管道 HS2 / 642A","得电时打开","['通电开启', '通电响应', '通电导通', '通电动作']","[]","Relation"
"电磁换向球阀 MBA53AA003","主推力端管道 HS2 / 642A","得电时打开","['通电开启', '通电响应', '通电导通', '通电动作']","[]","Relation"
"电磁换向球阀 MBA53AA004","辅助推力端管道 NS3 / 644A","得电时关闭","['断路', '停止', '失电', '断开', '关闭']","[]","Relation"
"电磁换向球阀 MBA53AA005","辅助推力端管道 NS4 / 645A","得电时打开","['通电开启', '通电响应', '通电导通', '通电动作']","[]","Relation"
"电磁换向球阀 MBA53AA006","辅助推力端管道 NS4 / 645A","得电时打开","['通电开启', '通电响应', '通电导通', '通电动作']","[]","Relation"
"仪表针阀 MBA51AA301","压力变送器 MBA51CP001","连接至","['桥接', '通达', '关联', '连接', '联结']","[]","Relation"
"仪表针阀 MBA51AA302","压力变送器 MBA51CP002","连接至","['桥接', '通达', '关联', '连接', '联结']","[]","Relation"
"仪表针阀 MBA51AA303","压力变送器 MBA51CP101","连接至","['桥接', '通达', '关联', '连接', '联结']","[]","Relation"
"仪表针阀 MBA51AA304","压力变送器 MBA51CP102","连接至","['桥接', '通达', '关联', '连接', '联结']","[]","Relation"
"仪表针阀 MBA51AA305","压力变送器 MBA51CP103","连接至","['桥接', '通达', '关联', '连接', '联结']","[]","Relation"
"制造商已经冲洗了 RDS，不需要再对 RDS 进行冲洗处理。","需要冲洗 RDS 上的供给和返回管道以及到轮机的操作管道。","之前","['之前', '早于', '先行', '前于', '先前']","[]","Relation"
"需要冲洗 RDS 上的供给和返回管道以及到轮机的操作管道。","针对每个管道的冲洗操作应以达到所需的纯度为标准。","之前","['之前', '早于', '先行', '前于', '先前']","[]","Relation"
"针对每个管道的冲洗操作应以达到所需的纯度为标准。","管道的冲洗及清洁度非 SGC 负责。","之后","['紧随', '之后', '接续', '后续']","[]","Relation"
"管道的冲洗及清洁度非 SGC 负责。","如果因为污染而导致故障、停运和设备损坏，则不在 SGC 保修范围内。","因为","['原因', '起因', '原理', '导致', '由...引起']","[]","Relation"
"只能使用纯度不低于 99.995%的氮气。","如果使用不当的气体填充，则有爆炸风险。","之前","['之前', '早于', '先行', '前于', '先前']","[]","Relation"
"如果氮气罐中的氮气压力高于皮囊式蓄能器中允许的压力，则氮气填充器必须配备一个降压器。","如果压力过大，可能损坏设备。","因为","['原因', '起因', '原理', '导致', '由...引起']","[]","Relation"
"使用电机上的风机风轮来检查泵的旋转方向。","如果电机的旋转方向不正确，会损坏泵。","之后","['紧随', '之后', '接续', '后续']","[]","Relation"
"在短时间内依次重新开关两个电机（缓动），以检查旋转方向是否符合箭头方向。","必须确保电机的旋转方向符合箭头所指方向。","之前","['之前', '早于', '先行', '前于', '先前']","[]","Relation"
"在对系统进行排气操作之前，应检查如下设置：泵入口管的截止阀门打开。","如果在球阀闭合的情况下操作泵，即时时间很短，也会损坏泵。","之前","['之前', '早于', '先行', '前于', '先前']","[]","Relation"
"使用测量设备上的截止固件对测量仪器管道进行排气操作。","排气直到液压流体没有气泡溢出为止。","之后","['紧随', '之后', '接续', '后续']","[]","Relation"
"电磁阀 MBA53AA001 和 MBA53AA003 通电。","在 SGC 选择的合适点对主推力端管道进行排气。","之前","['之前', '早于', '先行', '前于', '先前']","[]","Relation"
"在 SGC 选择的合适点对主推力端管道进行排气。","在 SGC 选择的合适点对辅助推力端管道进行排气。","之后","['紧随', '之后', '接续', '后续']","[]","Relation"
"在给 RDS 加压之前，应检查如下设置：泵入口管的截止阀门打开。","必须保证有所需的氮气压力。","之前","['之前', '早于', '先行', '前于', '先前']","[]","Relation"
"检查了电机旋转方向。","使用氮气填充了蓄能器。","之前","['之前', '早于', '先行', '前于', '先前']","[]","Relation"
"使用氮气填充了蓄能器。","冲洗了整个系统。","之前","['之前', '早于', '先行', '前于', '先前']","[]","Relation"
"冲洗了整个系统。","检查了电机旋转方向。","之前","['之前', '早于', '先行', '前于', '先前']","[]","Relation"
"检查了电机旋转方向。","启动电机 MBA51AP01-M01-E01。","之前","['之前', '早于', '先行', '前于', '先前']","[]","Relation"
"启动电机 MBA51AP01-M01-E01。","填充蓄能器，给系统加压。","之后","['紧随', '之后', '接续', '后续']","[]","Relation"
"填充蓄能器，给系统加压。","检查所有管道连接是否有泄漏。","之后","['紧随', '之后', '接续', '后续']","[]","Relation"
"检查所有管道连接是否有泄漏。","如果有泄漏，必须马上修复。","之后","['紧随', '之后', '接续', '后续']","[]","Relation"
"如果有泄漏，必须马上修复。","爆发溢出的液压流体会产生危险。","因为","['原因', '起因', '原理', '导致', '由...引起']","[]","Relation"
"释放系统压力的操作顺序：打开阀 MBA51AA255 和 MBA51AA256，将蓄能器压力释放到罐中。","在 RDS 上进行任何操作之前，都需要通过检查来确认系统的压力已经释放。","之前","['之前', '早于', '先行', '前于', '先前']","[]","Relation"
"在 RDS 上进行任何操作之前，都需要通过检查来确认系统的压力已经释放。","打开管道和阀门的时候，速度要特别慢，以便缓慢释放压力。","之前","['之前', '早于', '先行', '前于', '先前']","[]","Relation"
"只有在没有液压流体溢出，并且没有残余压力的情况下，才能完全打开管道或拆卸阀门。","打开管道和阀门的时候，速度要特别慢，以便缓慢释放压力。","因为","['原因', '起因', '原理', '导致', '由...引起']","[]","Relation"
"溢出的液压流体会导致滑倒危险。","对于溢出的液压流体，必须按照液压流体安全数据单的规定立即进行吸附处理并将其除去。","因为","['原因', '起因', '原理', '导致', '由...引起']","[]","Relation"
"依次启动泵 MBA51AP001-KP01 和 MBA51AP002-KP01，检测压力开关 MBA51CP001 和 MBA51CP002。","确定每个泵从 p1 到 p2 的填充时间。","之前","['之前', '早于', '先行', '前于', '先前']","[]","Relation"
"确定每个泵从 p1 到 p2 的填充时间。","进行调试的前提条件是顺利完成所有操作（8.2.1 到 8.2.7）。","之后","['紧随', '之后', '接续', '后续']","[]","Relation"
"进行调试的前提条件是顺利完成所有操作（8.2.1 到 8.2.7）。","可以启动两个泵中的一个从而启动 RDS 模块。","之前","['之前', '早于', '先行', '前于', '先前']","[]","Relation"
"优先设定 MBA54AA191、MBA54AA192 的 210bar。","顺时针旋紧 MBA54AA192，并回退半圈。","之前","['之前', '早于', '先行', '前于', '先前']","[]","Relation"
"顺时针旋紧 MBA54AA192，并回退半圈。","缓慢将 MBA54AA192 顺时针旋紧，压力表每上升 10bar 需停顿 10S。","之后","['紧随', '之后', '接续', '后续']","[]","Relation"
"缓慢将 MBA54AA192 顺时针旋紧，压力表每上升 10bar 需停顿 10S。","直至压力表读数为 210bar 为止。","之后","['紧随', '之后', '接续', '后续']","[]","Relation"
"直至压力表读数为 210bar 为止。","顺时针锁紧 MBA54AA192 的锁紧螺母。至此 MBA54AA192 整定完毕。","之后","['紧随', '之后', '接续', '后续']","[]","Relation"
"启动 MBA51AP001 油泵，此时系统三个压力表读数应为 0bar。","顺时针旋紧 MBA51AA191 至紧，并回退半圈。","之前","['之前', '早于', '先行', '前于', '先前']","[]","Relation"
"顺时针旋紧 MBA51AA191 至紧，并回退半圈。","缓慢将 MBA54AA192 顺时针旋紧，压力表每上升 10bar 需停顿 10S。","之后","['紧随', '之后', '接续', '后续']","[]","Relation"
"顺时针锁紧 MBA51AA191 的锁紧螺母，至此 MBA51AA191 整定完毕。","逆时针旋转 MBA53AA191 每下降 5bar 停顿 20S，直至压力表读数为 210bar。","之后","['紧随', '之后', '接续', '后续']","[]","Relation"
"逆时针旋转 MBA53AA191 每下降 5bar 停顿 20S，直至压力表读数为 210bar。","顺时","之后","['紧随', '之后', '接续', '后续']","[]","Relation"
"制造商已经冲洗了RDS，不需要再对RDS进行冲洗处理。","制造商","is participated by","['被涉及', '被参与', '被卷入', '被参加']","[]","Relation"
"制造商已经冲洗了RDS，不需要再对RDS进行冲洗处理。","RDS","is participated by","['被涉及', '被参与', '被卷入', '被参加']","[]","Relation"
"需要冲洗RDS上的供给管道HD / 637B和HE/638B。","HD / 637B","is participated by","['被涉及', '被参与', '被卷入', '被参加']","[]","Relation"
"需要冲洗RDS上的供给管道HD / 637B和HE/638B。","HE/638B","is participated by","['被涉及', '被参与', '被卷入', '被参加']","[]","Relation"
"需要冲洗RDS上的供给管道HD / 637B和HE/638B。","RDS","is participated by","['被涉及', '被参与', '被卷入', '被参加']","[]","Relation"
"需要冲洗RDS上的返回管道HF / 639B。","HF / 639B","is participated by","['被涉及', '被参与', '被卷入', '被参加']","[]","Relation"
"需要冲洗RDS上的返回管道HF / 639B。","RDS","is participated by","['被涉及', '被参与', '被卷入', '被参加']","[]","Relation"
"需要冲洗到轮机的操作管道HS1 / 643A、HS2 / 642A、NS1 / 644A和NS2 / 645A。","HS1 / 643A","is participated by","['被涉及', '被参与', '被卷入', '被参加']","[]","Relation"
"需要冲洗到轮机的操作管道HS1 / 643A、HS2 / 642A、NS1 / 644A和NS2 / 645A。","HS2 / 642A","is participated by","['被涉及', '被参与', '被卷入', '被参加']","[]","Relation"
"需要冲洗到轮机的操作管道HS1 / 643A、HS2 / 642A、NS1 / 644A和NS2 / 645A。","NS1 / 644A","is participated by","['被涉及', '被参与', '被卷入', '被参加']","[]","Relation"
"需要冲洗到轮机的操作管道HS1 / 643A、HS2 / 642A、NS1 / 644A和NS2 / 645A。","NS2 / 645A","is participated by","['被涉及', '被参与', '被卷入', '被参加']","[]","Relation"
"需要冲洗到轮机的操作管道HS1 / 643A、HS2 / 642A、NS1 / 644A和NS2 / 645A。","RDS","is participated by","['被涉及', '被参与', '被卷入', '被参加']","[]","Relation"
"管道的冲洗操作应以达到所需的纯度为标准。","管道","is participated by","['被涉及', '被参与', '被卷入', '被参加']","[]","Relation"
"管道的冲洗操作应以达到所需的纯度为标准。","纯度","is participated by","['被涉及', '被参与', '被卷入', '被参加']","[]","Relation"
"管道的冲洗及清洁度非SGC负责。","SGC","is participated by","['被涉及', '被参与', '被卷入', '被参加']","[]","Relation"
"管道的冲洗及清洁度非SGC负责。","管道","is participated by","['被涉及', '被参与', '被卷入', '被参加']","[]","Relation"
"管道的冲洗及清洁度非SGC负责。","冲洗","is participated by","['被涉及', '被参与', '被卷入', '被参加']","[]","Relation"
"管道的冲洗及清洁度非SGC负责。","清洁度","is participated by","['被涉及', '被参与', '被卷入', '被参加']","[]","Relation"
"如果因为污染而导致故障、停运和设备损坏，则不在SGC保修范围内。","污染","is participated by","['被涉及', '被参与', '被卷入', '被参加']","[]","Relation"
"如果因为污染而导致故障、停运和设备损坏，则不在SGC保修范围内。","故障","is participated by","['被涉及', '被参与', '被卷入', '被参加']","[]","Relation"
"如果因为污染而导致故障、停运和设备损坏，则不在SGC保修范围内。","停运","is participated by","['被涉及', '被参与', '被卷入', '被参加']","[]","Relation"
"如果因为污染而导致故障、停运和设备损坏，则不在SGC保修范围内。","设备损坏","is participated by","['被涉及', '被参与', '被卷入', '被参加']","[]","Relation"
"如果因为污染而导致故障、停运和设备损坏，则不在SGC保修范围内。","SGC","is participated by","['被涉及', '被参与', '被卷入', '被参加']","[]","Relation"
"如果因为污染而导致故障、停运和设备损坏，则不在SGC保修范围内。","保修范围","is participated by","['被涉及', '被参与', '被卷入', '被参加']","[]","Relation"
"只能使用纯度不低于99.995%的氮气填充蓄能器。","氮气","is participated by","['被涉及', '被参与', '被卷入', '被参加']","[]","Relation"
"只能使用纯度不低于99.995%的氮气填充蓄能器。","蓄能器","is participated by","['被涉及', '被参与', '被卷入', '被参加']","[]","Relation"
"只能使用纯度不低于99.995%的氮气填充蓄能器。","纯度","is participated by","['被涉及', '被参与', '被卷入', '被参加']","[]","Relation"
"一定不要使用氧气或压缩空气填充蓄能器。","氧气","is participated by","['被涉及', '被参与', '被卷入', '被参加']","[]","Relation"
"一定不要使用氧气或压缩空气填充蓄能器。","压缩空气","is participated by","['被涉及', '被参与', '被卷入', '被参加']","[]","Relation"
"一定不要使用氧气或压缩空气填充蓄能器。","蓄能器","is participated by","['被涉及', '被参与', '被卷入', '被参加']","[]","Relation"
"提供填充的氮气罐以及皮囊式蓄能器的填充器。","氮气罐","is participated by","['被涉及', '被参与', '被卷入', '被参加']","[]","Relation"
"提供填充的氮气罐以及皮囊式蓄能器的填充器。","皮囊式蓄能器","is participated by","['被涉及', '被参与', '被卷入', '被参加']","[]","Relation"
"提供填充的氮气罐以及皮囊式蓄能器的填充器。","填充器","is participated by","['被涉及', '被参与', '被卷入', '被参加']","[]","Relation"
"必须使用降压器，如果氮气罐中的氮气压力高于皮囊式蓄能器中允许的压力。","氮气罐","is participated by","['被涉及', '被参与', '被卷入', '被参加']","[]","Relation"
"必须使用降压器，如果氮气罐中的氮气压力高于皮囊式蓄能器中允许的压力。","皮囊式蓄能器","is participated by","['被涉及', '被参与', '被卷入', '被参加']","[]","Relation"
"必须使用降压器，如果氮气罐中的氮气压力高于皮囊式蓄能器中允许的压力。","降压器","is participated by","['被涉及', '被参与', '被卷入', '被参加']","[]","Relation"
"必须遵照相关说明，尤其要遵守氮气填充器制造商给出的安全须知。","氮气填充器","is participated by","['被涉及', '被参与', '被卷入', '被参加']","[]","Relation"
"必须遵照相关说明，尤其要遵守氮气填充器制造商给出的安全须知。","制造商","is participated by","['被涉及', '被参与', '被卷入', '被参加']","[]","Relation"
"必须遵照相关说明，尤其要遵守氮气填充器制造商给出的安全须知。","安全须知","is participated by","['被涉及', '被参与', '被卷入', '被参加']","[]","Relation"
"必须遵照相关说明，尤其要遵守氮气填充器制造商给出的安全须知。","说明","is participated by","['被涉及', '被参与', '被卷入', '被参加']","[]","Relation"
"本安装调试说明书并未详细介绍氮气填充器的情况。","安装调试说明书","is participated by","['被涉及', '被参与', '被卷入', '被参加']","[]","Relation"
"本安装调试说明书并未详细介绍氮气填充器的情况。","氮气填充器","is participated by","['被涉及', '被参与', '被卷入', '被参加']","[]","Relation"
"关于与填充器相关的详细操作信息，请参见填充器操作须知。","填充器","is participated by","['被涉及', '被参与', '被卷入', '被参加']","[]","Relation"
"关于与填充器相关的详细操作信息，请参见填充器操作须知。","操作须知","is participated by","['被涉及', '被参与', '被卷入', '被参加']","[]","Relation"
"在填充皮囊式蓄能器时，应参考相关表格。","皮囊式蓄能器","is participated by","['被涉及', '被参与', '被卷入', '被参加']","[]","Relation"
"在填充皮囊式蓄能器时，应参考相关表格。","表格","is participated by","['被涉及', '被参与', '被卷入', '被参加']","[]","Relation"
"步骤1：切换蓄能器三通阀MBA51AA255和MBA51AA256以释放蓄能器流体侧的压力并将其与系统隔离。","MBA51AA255","is participated by","['被涉及', '被参与', '被卷入', '被参加']","[]","Relation"
"步骤1：切换蓄能器三通阀MBA51AA255和MBA51AA256以释放蓄能器流体侧的压力并将其与系统隔离。","MBA51AA256","is participated by","['被涉及', '被参与', '被卷入', '被参加']","[]","Relation"
"步骤1：切换蓄能器三通阀MBA51AA255和MBA51AA256以释放蓄能器流体侧的压力并将其与系统隔离。","蓄能器三通阀","is participated by","['被涉及', '被参与', '被卷入', '被参加']","[]","Relation"
"步骤1：切换蓄能器三通阀MBA51AA255和MBA51AA256以释放蓄能器流体侧的压力并将其与系统隔离。","蓄能器流体侧","is participated by","['被涉及', '被参与', '被卷入', '被参加']","[]","Relation"
"步骤1：切换蓄能器三通阀MBA51AA255和MBA51AA256以释放蓄能器流体侧的压力并将其与系统隔离。","系统","is participated by","['被涉及', '被参与', '被卷入', '被参加']","[]","Relation"
"步骤2：将填充器连接到蓄能器填充阀。","填充器","is participated by","['被涉及', '被参与', '被卷入', '被参加']","[]","Relation"
"步骤2：将填充器连接到蓄能器填充阀。","蓄能器填充阀","is participated by","['被涉及', '被参与', '被卷入', '被参加']","[]","Relation"
"步骤3：填充皮囊式蓄能器。","皮囊式蓄能器","is participated by","['被涉及', '被参与', '被卷入', '被参加']","[]","Relation"
"步骤3：填充皮囊式蓄能器。","填充","is participated by","['被涉及', '被参与', '被卷入', '被参加']","[]","Relation"
"步骤4：确定在操作温度以外的其它温度下的填充压力。","填充压力","is participated by","['被涉及', '被参与', '被卷入', '被参加']","[]","Relation"
"步骤4：确定在操作温度以外的其它温度下的填充压力。","操作温度","is participated by","['被涉及', '被参与', '被卷入', '被参加']","[]","Relation"
"步骤4：确定在操作温度以外的其它温度下的填充压力。","温度","is participated by","['被涉及', '被参与', '被卷入', '被参加']","[]","Relation"
"步骤5：在取下填充器之前，释放氮气管道的压力或关闭填充器处的氮气管道。","氮气管道","is participated by","['被涉及', '被参与', '被卷入', '被参加']","[]","Relation"
"步骤5：在取下填充器之前，释放氮气管道的压力或关闭填充器处的氮气管道。","填充器","is participated by","['被涉及', '被参与', '被卷入', '被参加']","[]","Relation"
"步骤5：在取下填充器之前，释放氮气管道的压力或关闭填充器处的氮气管道。","压力","is participated by","['被涉及', '被参与', '被卷入', '被参加']","[]","Relation"
"步骤6：取下填充器。","填充器","is participated by","['被涉及', '被参与', '被卷入', '被参加']","[]","Relation"
"步骤7：调整蓄能器三通阀MBA51AA255至正确位置。","MBA51AA255","is participated by","['被涉及', '被参与', '被卷入', '被参加']","[]","Relation"
"步骤7：调整蓄能器三通阀MBA51AA255至正确位置。","蓄能器三通阀","is participated by","['被涉及', '被参与', '被卷入', '被参加']","[]","Relation"
"在进行后面的调试操作之前，必须确保电机的旋转方向符合箭头所指方向。","电机","is participated by","['被涉及', '被参与', '被卷入', '被参加']","[]","Relation"
"在进行后面的调试操作之前，必须确保电机的旋转方向符合箭头所指方向。","旋转方向","is participated by","['被涉及', '被参与', '被卷入', '被参加']","[]","Relation"
"在进行后面的调试操作之前，必须确保电机的旋转方向符合箭头所指方向。","箭头","is participated by","['被涉及', '被参与', '被卷入', '被参加']","[]","Relation"
"如果电机的旋转方向不正确，会损坏泵。","电机","is participated by","['被涉及', '被参与', '被卷入', '被参加']","[]","Relation"
"如果电机的旋转方向不正确，会损坏泵。","旋转方向","is participated by","['被涉及', '被参与', '被卷入', '被参加']","[]","Relation"
"如果电机的旋转方向不正确，会损坏泵。","泵","is participated by","['被涉及', '被参与', '被卷入', '被参加']","[]","Relation"
"使用电机上的风机风轮来检查泵的旋转方向。","电机","is participated by","['被涉及', '被参与', '被卷入', '被参加']","[]","Relation"
"使用电机上的风机风轮来检查泵的旋转方向。","风机风轮","is participated by","['被涉及', '被参与', '被卷入', '被参加']","[]","Relation"
"使用电机上的风机风轮来检查泵的旋转方向。","泵","is participated by","['被涉及', '被参与', '被卷入', '被参加']","[]","Relation"
"泵入口管的截止固件MBA51AA251必须处于打开状态。","MBA51AA251","is participated by","['被涉及', '被参与', '被卷入', '被参加']","[]","Relation"
"泵入口管的截止固件MBA51AA251必须处于打开状态。","泵入口管","is participated by","['被涉及', '被参与', '被卷入', '被参加']","[]","Relation"
"泵入口管的截止固件MBA51AA251必须处于打开状态。","截止固件","is participated by","['被涉及', '被参与', '被卷入', '被参加']","[]","Relation"
"泵入口管的截止固件MBA51AA252必须处于打开状态。","MBA51AA252","is participated by","['被涉及', '被参与', '被卷入', '被参加']","[]","Relation"
"泵入口管的截止固件MBA51AA252必须处于打开状态。","泵入口管","is participated by","['被涉及', '被参与', '被卷入', '被参加']","[]","Relation"
"泵入口管的截止固件MBA51AA252必须处于打开状态。","截止固件","is participated by","['被涉及', '被参与', '被卷入', '被参加']","[]","Relation"
"在短时间内依次重新开关两个电机以检查旋转方向是否符合箭头方向。","电机","is participated by","['被涉及', '被参与', '被卷入', '被参加']","[]","Relation"
"在短时间内依次重新开关两个电机以检查旋转方向是否符合箭头方向。","旋转方向","is participated by","['被涉及', '被参与', '被卷入', '被参加']","[]","Relation"
"在短时间内依次重新开关两个电机以检查旋转方向是否符合箭头方向。","箭头","is participated by","['被涉及', '被参与', '被卷入', '被参加']","[]","Relation"
"如果电机连接有误，可能因为电击而发生事故。","电机","is participated by","['被涉及', '被参与', '被卷入', '被参加']","[]","Relation"
"如果电机连接有误，可能因为电击而发生事故。","电击","is participated by","['被涉及', '被参与', '被卷入', '被参加']","[]","Relation"
"如果电机连接有误，可能因为电击而发生事故。","事故","is participated by","['被涉及', '被参与', '被卷入', '被参加']","[]","Relation"
"必须由专业电气人员来完成连接。","专业电气人员","is participated by","['被涉及', '被参与', '被卷入', '被参加']","[]","Relation"
"必须由专业电气人员来完成连接。","连接","is participated by","['被涉及', '被参与', '被卷入', '被参加']","[]","Relation"
"如果旋转方向有误，应重新连接相应的电机。","旋转方向","is participated by","['被涉及', '被参与', '被卷入', '被参加']","[]","Relation"
"如果旋转方向有误，应重新连接相应的电机。","电机","is participated by","['被涉及', '被参与', '被卷入', '被参加']","[]","Relation"
"如果旋转方向有误，应重新连接相应的电机。","连接","is participated by","['被涉及', '被参与', '被卷入', '被参加']","[]","Relation"
"在球阀闭合的情况下操作泵，即使时间很短，也会损坏泵。","球阀","is participated by","['被涉及', '被参与', '被卷入', '被参加']","[]","Relation"
"在球阀闭合的情况下操作泵，即使时间很短，也会损坏泵。","泵","is participated by","['被涉及', '被参与', '被卷入', '被参加']","[]","Relation"
"在球阀闭合的情况下操作泵，即使时间很短，也会损坏泵。","损坏","is participated by","['被涉及', '被参与', '被卷入', '被参加']","[]","Relation"
"只有在相关球阀MBA51AA251或MBA51AA252打开的情况下，才能启动泵。","MBA51AA251","is participated by","['被涉及', '被参与', '被卷入', '被参加']","[]","Relation"
"只有在相关球阀MBA51AA251或MBA51AA252打开的情况下，才能启动泵。","MBA51AA252","is participated by","['被涉及', '被参与', '被卷入', '被参加']","[]","Relation"
"只有在相关球阀MBA51AA251或MBA51AA252打开的情况下，才能启动泵。","球阀","is participated by","['被涉及', '被参与', '被卷入', '被参加']","[]","Relation"
"只有在相关球阀MBA51AA251或MBA51AA252打开的情况下，才能启动泵。","泵","is participated by","['被涉及', '被参与', '被卷入', '被参加']","[]","Relation"
"在对系统进行排气操作之前，应检查泵入口管的截止阀门MBA51AA251和MBA51AA252是否打开。","MBA51AA251","is participated by","['被涉及', '被参与', '被卷入', '被参加']","[]","Relation"
"在对系统进行排气操作之前，应检查泵入口管的截止阀门MBA51AA251和MBA51AA252是否打开。","MBA51AA252","is participated by","['被涉及', '被参与', '被卷入', '被参加']","[]","Relation"
"在对系统进行排气操作之前，应检查泵入口管的截止阀门MBA51AA251和MBA51AA252是否打开。","泵入口管","is participated by","['被涉及', '被参与', '被卷入', '被参加']","[]","Relation"
"在对系统进行排气操作之前，应检查泵入口管的截止阀门MBA51AA251和MBA51AA252是否打开。","截止阀门","is participated by","['被涉及', '被参与', '被卷入', '被参加']","[]","Relation"
"在对系统进行排气操作之前，应检查泵入口管的截止阀门MBA51AA251和MBA51AA252是否打开。","排气操作","is participated by","['被涉及', '被参与', '被卷入', '被参加']","[]","Relation"
"在排气过程中不需要使用蓄能器，因此蓄能器三通阀MBA51AA255和MBA51AA256无需操作。","蓄能器","is participated by","['被涉及', '被参与', '被卷入', '被参加']","[]","Relation"
"在排气过程中不需要使用蓄能器，因此蓄能器三通阀MBA51AA255和MBA51AA256无需操作。","MBA51AA255","is participated by","['被涉及', '被参与', '被卷入', '被参加']","[]","Relation"
"在排气过程中不需要使用蓄能器，因此蓄能器三通阀MBA51AA255和MBA51AA256无需操作。","MBA51AA256","is participated by","['被涉及', '被参与', '被卷入', '被参加']","[]","Relation"
"在排气过程中不需要使用蓄能器，因此蓄能器三通阀MBA51AA255和MBA51AA256无需操作。","蓄能器三通阀","is participated by","['被涉及', '被参与', '被卷入', '被参加']","[]","Relation"
"使用测量设备上的截止固件MBA53AA301到MBA53AA306对测量仪器管道进行排气操作。","MBA53AA301","is participated by","['被涉及', '被参与', '被卷入', '被参加']","[]","Relation"
"使用测量设备上的截止固件MBA53AA301到MBA53AA306对测量仪器管道进行排气操作。","MBA53AA306","is participated by","['被涉及', '被参与', '被卷入', '被参加']","[]","Relation"
"使用测量设备上的截止固件MBA53AA301到MBA53AA306对测量仪器管道进行排气操作。","测量设备","is participated by","['被涉及', '被参与', '被卷入', '被参加']","[]","Relation"
"使用测量设备上的截止固件MBA53AA301到MBA53AA306对测量仪器管道进行排气操作。","截止固件","is participated by","['被涉及', '被参与', '被卷入', '被参加']","[]","Relation"
"使用测量设备上的截止固件MBA53AA301到MBA53AA306对测量仪器管道进行排气操作。","测量仪器管道","is participated by","['被涉及', '被参与', '被卷入', '被参加']","[]","Relation"
"使用测量设备上的截止固件MBA53AA301到MBA53AA306对测量仪器管道进行排气操作。","排气操作","is participated by","['被涉及', '被参与', '被卷入', '被参加']","[]","Relation"
"排气直到液压流体没有气泡溢出为止。","液压流体","is participated by","['被涉及', '被参与', '被卷入', '被参加']","[]","Relation"
"排气直到液压流体没有气泡溢出为止。","气泡","is participated by","['被涉及', '被参与', '被卷入', '被参加']","[]","Relation"
"排气直到液压流体没有气泡溢出为止。","溢出","is participated by","['被涉及', '被参与', '被卷入', '被参加']","[]","Relation"
