":START_ID",":END_ID","relation",":TYPE"
"CHANGXING_1 电厂","4669837444831fef81d067539551c7a15ef0bcb1beea46eb880d33bbde9ced89","has_concept","Concept"
"CHANGXING_1 电厂","3cea148491c6cfa0e83eb572819149461a13678e70ca03b03ac215ee24d1b801","has_concept","Concept"
"CHANGXING_1 电厂","0131ee44e69860cb4634d2e17b4543a7f252587eeafa10d50753709e4eb46747","has_concept","Concept"
"CHANGXING_1 电厂","0302151e67676ac983132e980b7f86169cc2d1a8f4c21d4cba0df42789c4c0c4","has_concept","Concept"
"CHANGXING_1 电厂","d54625a00de51f797b4ef07b6f11fa2eb7e8727b0795afe01bd8d5bf2179fc0d","has_concept","Concept"
"CHANGXING_1 电厂","c4d12602e926c505703c6d14be0dd8511f17aa9a06a970d325626c32e4a3f074","has_concept","Concept"
"10 号机组","3cea148491c6cfa0e83eb572819149461a13678e70ca03b03ac215ee24d1b801","has_concept","Concept"
"10 号机组","5a8efffff9357d2508d8ce6c534d56e9dcd58c3208c85c7acc8fbc06b9188d34","has_concept","Concept"
"10 号机组","0131ee44e69860cb4634d2e17b4543a7f252587eeafa10d50753709e4eb46747","has_concept","Concept"
"10 号机组","8e05fa5a786c8b3f872f0af3f04ab2bd741d7de43159fd89e63aa441644990c8","has_concept","Concept"
"10 号机组","b200bd39eacfa8f16e06852e9e89be21c4d793461bef5d78a614e4d6d89fa311","has_concept","Concept"
"10 号机组","0f96af10ceea0608148063b08939f7f211ebdfcacd4eabbc733385bc8217aff4","has_concept","Concept"
"HAD 主系统","5a8efffff9357d2508d8ce6c534d56e9dcd58c3208c85c7acc8fbc06b9188d34","has_concept","Concept"
"HAD 主系统","0b8a4c231151d88314ffbe545d32296de97cad46e92bb2410e00904da6da9750","has_concept","Concept"
"HAD 主系统","cc8e7ecfbbc72dad83554e0e7f503fa492b016739cadd3971efdab1800e232bc","has_concept","Concept"
"HAD 主系统","122f448305427a68220735c21f77741ddecc12a9eb9ef37a6e2471783ea726e6","has_concept","Concept"
"HAD 主系统","b200bd39eacfa8f16e06852e9e89be21c4d793461bef5d78a614e4d6d89fa311","has_concept","Concept"
"55 区域","ebe15467dc4d256459361b0b137d0328dab1dec981e6c6f346c79aef9f202070","has_concept","Concept"
"55 区域","9e3a366ca500d953bb8472dabe0176d6bc8d67755de7656a73df46ddcf16539e","has_concept","Concept"
"55 区域","d6f0aae305cf2622885437c22713de7cc55162d6528b8d28d0be8d00d61ba1a5","has_concept","Concept"
"55 区域","ce684e86a91ce2839da02645cd0522ff2ecbfb2c8afaff1d31b417406e78d820","has_concept","Concept"
"55 区域","71fcc1b982d6a1dad4bfd18f1e426198e29d164189f6eb6a33363df7b946dba5","has_concept","Concept"
"设备 AA101","0131ee44e69860cb4634d2e17b4543a7f252587eeafa10d50753709e4eb46747","has_concept","Concept"
"设备 AA101","d5e223ed4f228d9fc1b8bc0d95cab00d9c7d1c11543fdd5de91f7297773ff6ba","has_concept","Concept"
"设备 AA101","683eb8782b598d207e69058675ad82f8fc7a737983e06354078a67cece5b0b71","has_concept","Concept"
"设备 AA101","b200bd39eacfa8f16e06852e9e89be21c4d793461bef5d78a614e4d6d89fa311","has_concept","Concept"
"设备 AA101","b5269ea2bdc3148f717f3bef2f19ce2eaa57d8d396f7d6db7cc797d71fd28df4","has_concept","Concept"
"AA","0131ee44e69860cb4634d2e17b4543a7f252587eeafa10d50753709e4eb46747","has_concept","Concept"
"AA","683eb8782b598d207e69058675ad82f8fc7a737983e06354078a67cece5b0b71","has_concept","Concept"
"AA","cad7e3494800c991a9c42b0270affbf37c030138b182f49bebe2aabff99d04f1","has_concept","Concept"
"AA","3f583dfa79f159dfdb9494b2378130cd9b99b2ea00284e1cc054456581122009","has_concept","Concept"
"AA","58e529fcb50aca1f6fefdb617d646db8410b2390c8346512af57e5e08e74b24f","has_concept","Concept"
"AA","b200bd39eacfa8f16e06852e9e89be21c4d793461bef5d78a614e4d6d89fa311","has_concept","Concept"
"101","b5269ea2bdc3148f717f3bef2f19ce2eaa57d8d396f7d6db7cc797d71fd28df4","has_concept","Concept"
"101","d5e223ed4f228d9fc1b8bc0d95cab00d9c7d1c11543fdd5de91f7297773ff6ba","has_concept","Concept"
"101","370d0cf3febd9112cf527004aff820057729f8a9bdc857b8b170bf15bf2c5fa9","has_concept","Concept"
"101","988d8ef2332eef9a9abdb6f3cf6c0c7baefccacb2ab0e3fa6e1a480aba317c51","has_concept","Concept"
"101","199e078d742395a0d69da011644f8270715605b07b1b351c0f6753fda5dd92f7","has_concept","Concept"
"测点SGC.CHANGXING_1.10HAD55AA101XQ11XQ12","bdfb29b01d75094514081f8c056e4fa4d81d6cc270901c6e9d25c3851b4cbc33","has_concept","Concept"
"测点SGC.CHANGXING_1.10HAD55AA101XQ11XQ12","0131ee44e69860cb4634d2e17b4543a7f252587eeafa10d50753709e4eb46747","has_concept","Concept"
"测点SGC.CHANGXING_1.10HAD55AA101XQ11XQ12","3fc4da8bf1290f6d8df798ef242ca595781935b339b7c12b22ac10f0394f9500","has_concept","Concept"
"测点SGC.CHANGXING_1.10HAD55AA101XQ11XQ12","cad7e3494800c991a9c42b0270affbf37c030138b182f49bebe2aabff99d04f1","has_concept","Concept"
"测点SGC.CHANGXING_1.10HAD55AA101XQ11XQ12","d6f0aae305cf2622885437c22713de7cc55162d6528b8d28d0be8d00d61ba1a5","has_concept","Concept"
"测点SGC.CHANGXING_1.10HAD55AA101XQ11XQ12","34c8d0a962d3e0f128b6b72f6ef218835bbb1a51c555cc52a49aaf61f48fe841","has_concept","Concept"
"10HAD55AA101XQ11XQ12","bdfb29b01d75094514081f8c056e4fa4d81d6cc270901c6e9d25c3851b4cbc33","has_concept","Concept"
"10HAD55AA101XQ11XQ12","bedfbdd85ca69ffa07c0e7d22b87bbb22fa546828ca160cf38ac2c35092f8f03","has_concept","Concept"
"10HAD55AA101XQ11XQ12","906e80342a7be3a7af256118cbb3cf03bb49b9eade9d71d8b8f9b86bb43c1faa","has_concept","Concept"
"10HAD55AA101XQ11XQ12","988d8ef2332eef9a9abdb6f3cf6c0c7baefccacb2ab0e3fa6e1a480aba317c51","has_concept","Concept"
"10HAD55AA101XQ11XQ12","5a8efffff9357d2508d8ce6c534d56e9dcd58c3208c85c7acc8fbc06b9188d34","has_concept","Concept"
"10HAD55AA101XQ11XQ12","0131ee44e69860cb4634d2e17b4543a7f252587eeafa10d50753709e4eb46747","has_concept","Concept"
"XQ11XQ12","bdfb29b01d75094514081f8c056e4fa4d81d6cc270901c6e9d25c3851b4cbc33","has_concept","Concept"
"XQ11XQ12","988d8ef2332eef9a9abdb6f3cf6c0c7baefccacb2ab0e3fa6e1a480aba317c51","has_concept","Concept"
"XQ11XQ12","906e80342a7be3a7af256118cbb3cf03bb49b9eade9d71d8b8f9b86bb43c1faa","has_concept","Concept"
"XQ11XQ12","0131ee44e69860cb4634d2e17b4543a7f252587eeafa10d50753709e4eb46747","has_concept","Concept"
"XQ11XQ12","cad7e3494800c991a9c42b0270affbf37c030138b182f49bebe2aabff99d04f1","has_concept","Concept"
"中压汽包连排电动调节阀","01aa0ff53be851ed9088d5a43813da699a4b1cb550d41d85ae2cd44d821e49b6","has_concept","Concept"
"中压汽包连排电动调节阀","92ed8efecf4505f1a0a8a2fd5bcf0001d7c1b09eb18e7427533140e3cfacad59","has_concept","Concept"
"中压汽包连排电动调节阀","524c2e935684dd1ad4188ccd9f36d66a5984a082de7942fdd04dee7e741d4c40","has_concept","Concept"
"中压汽包连排电动调节阀","350bfd44e27e01bd0608aba5374c15372caac57b81ad5ddb4167a6ce32ad85fe","has_concept","Concept"
"中压汽包连排电动调节阀","066339f9acd681d7473e1764286aaac02270003fcaff27f64772d4587ae353a7","has_concept","Concept"
"中压汽包连排电动调节阀","ba173ddc8d0139419b6cd63b1e5fd706e4590df03fdd643d9e5dc698875ac3b1","has_concept","Concept"
"%","1dec3f9e1d7b9c00c6b0f00ec1c751bc4365079762b5662eb403079d59742522","has_concept","Concept"
"%","09f2cff5b43d2f36d73b3fd45930da3c2f1592c0a1ec91e2a6fd367eca5ca1db","has_concept","Concept"
"%","29ab8153c1eeebc4edaae5590b5f2ac0276b604035c1e2e419871c726809cdd2","has_concept","Concept"
"%","23197f2724fde4bfa930d5441125ce178114fa84e0f34922239c39e173148510","has_concept","Concept"
"%","e33221028e26fd0c316fd6d3a0827cab37e2856601130cfb5014c614c665fe7a","has_concept","Concept"
"MAD 主系统","5a8efffff9357d2508d8ce6c534d56e9dcd58c3208c85c7acc8fbc06b9188d34","has_concept","Concept"
"MAD 主系统","cc8e7ecfbbc72dad83554e0e7f503fa492b016739cadd3971efdab1800e232bc","has_concept","Concept"
"MAD 主系统","0131ee44e69860cb4634d2e17b4543a7f252587eeafa10d50753709e4eb46747","has_concept","Concept"
"MAD 主系统","683eb8782b598d207e69058675ad82f8fc7a737983e06354078a67cece5b0b71","has_concept","Concept"
"MAD 主系统","90f58830f25c0f5a70b26a92d070e32ecc399e8f7bac9b7a55f1184b0df73d13","has_concept","Concept"
"MAD 主系统","122f448305427a68220735c21f77741ddecc12a9eb9ef37a6e2471783ea726e6","has_concept","Concept"
"13 区域","ebe15467dc4d256459361b0b137d0328dab1dec981e6c6f346c79aef9f202070","has_concept","Concept"
"13 区域","33f99245628e0cb67232bb4fe8476ca51febd8c6937e2a73e7371bf917b9943a","has_concept","Concept"
"13 区域","bdfb29b01d75094514081f8c056e4fa4d81d6cc270901c6e9d25c3851b4cbc33","has_concept","Concept"
"13 区域","04768ce3cbd2d0e7e033605dc5c830d5552dfcf6dd73097670f8f89af7509d81","has_concept","Concept"
"13 区域","14b5beba3aeb5ac12e70a895c6956d16a20fffc8ce8fd421087d87bc5688dcd2","has_concept","Concept"
"设备 CT014","0131ee44e69860cb4634d2e17b4543a7f252587eeafa10d50753709e4eb46747","has_concept","Concept"
"设备 CT014","3fc4da8bf1290f6d8df798ef242ca595781935b339b7c12b22ac10f0394f9500","has_concept","Concept"
"设备 CT014","cad7e3494800c991a9c42b0270affbf37c030138b182f49bebe2aabff99d04f1","has_concept","Concept"
"设备 CT014","683eb8782b598d207e69058675ad82f8fc7a737983e06354078a67cece5b0b71","has_concept","Concept"
"设备 CT014","988d8ef2332eef9a9abdb6f3cf6c0c7baefccacb2ab0e3fa6e1a480aba317c51","has_concept","Concept"
"设备 CT014","33e8f0716a1d3bdf27a9ce46f800e109d35290841a37dd1328eb4d34b7d5e33f","has_concept","Concept"
"CT","7684f1a5efb4fd01367106f42443258475e4688bf172b8f4e1aee18d8169a7f1","has_concept","Concept"
"CT","6dcb27cd8017a387ca477a23ac48ec3f0fb3a53154075f7b7fa48823761d70ec","has_concept","Concept"
"CT","b931a651045604ffcb516de7b0a8d03d1cd484a0877ee06ac721b0d5e25d013d","has_concept","Concept"
"CT","156243ae74bdbadcb01b9584c732f9efded50c2162e048df5a9155eaf26f8fce","has_concept","Concept"
"014","d5e223ed4f228d9fc1b8bc0d95cab00d9c7d1c11543fdd5de91f7297773ff6ba","has_concept","Concept"
"014","b5269ea2bdc3148f717f3bef2f19ce2eaa57d8d396f7d6db7cc797d71fd28df4","has_concept","Concept"
"014","370d0cf3febd9112cf527004aff820057729f8a9bdc857b8b170bf15bf2c5fa9","has_concept","Concept"
"014","988d8ef2332eef9a9abdb6f3cf6c0c7baefccacb2ab0e3fa6e1a480aba317c51","has_concept","Concept"
"014","eeb75f36302d44e6dc2e48f75cb67f61d0b1f34b877c18ad6b0056537a344d31","has_concept","Concept"
"测点SGC.CHANGXING_1.10MAD13CT014A232203OUT","3fc4da8bf1290f6d8df798ef242ca595781935b339b7c12b22ac10f0394f9500","has_concept","Concept"
"测点SGC.CHANGXING_1.10MAD13CT014A232203OUT","6ada8ba68ec0fdb5f4e383d4ff042065bc0ebcd5d0f7bfc75149ad64c5f5cab6","has_concept","Concept"
"测点SGC.CHANGXING_1.10MAD13CT014A232203OUT","85a11ecd44a2ca6e6c3d9fb702dc424e60b24436448e5646fd2a78cdfd0eba20","has_concept","Concept"
"测点SGC.CHANGXING_1.10MAD13CT014A232203OUT","cad7e3494800c991a9c42b0270affbf37c030138b182f49bebe2aabff99d04f1","has_concept","Concept"
"测点SGC.CHANGXING_1.10MAD13CT014A232203OUT","b1736447abc3aa28afcbda0b46cb1b81442b3d76efd28b7a42f6638c891a08c4","has_concept","Concept"
"10MAD13CT014A232203OUT","bdfb29b01d75094514081f8c056e4fa4d81d6cc270901c6e9d25c3851b4cbc33","has_concept","Concept"
"10MAD13CT014A232203OUT","bedfbdd85ca69ffa07c0e7d22b87bbb22fa546828ca160cf38ac2c35092f8f03","has_concept","Concept"
"10MAD13CT014A232203OUT","906e80342a7be3a7af256118cbb3cf03bb49b9eade9d71d8b8f9b86bb43c1faa","has_concept","Concept"
"10MAD13CT014A232203OUT","134baaa45c80b53218229acf3931d5867427484a5ff669212f62655032bfce49","has_concept","Concept"
"10MAD13CT014A232203OUT","988d8ef2332eef9a9abdb6f3cf6c0c7baefccacb2ab0e3fa6e1a480aba317c51","has_concept","Concept"
"A232203OUT","bdfb29b01d75094514081f8c056e4fa4d81d6cc270901c6e9d25c3851b4cbc33","has_concept","Concept"
"A232203OUT","988d8ef2332eef9a9abdb6f3cf6c0c7baefccacb2ab0e3fa6e1a480aba317c51","has_concept","Concept"
"A232203OUT","906e80342a7be3a7af256118cbb3cf03bb49b9eade9d71d8b8f9b86bb43c1faa","has_concept","Concept"
"A232203OUT","6e526f12d2c095efa9407e0f2d86c433646106a92977f39f288472604c74698a","has_concept","Concept"
"A232203OUT","25c467f3ae4ac3e5515d4e1ddcc55722e0991d2be6db75070d70806d979bce4a","has_concept","Concept"
"Output Value","9f853d485c3a937be1e57644b04f083724858a9658c9f108b8781b8c195e1e1b","has_concept","Concept"
"Output Value","e33221028e26fd0c316fd6d3a0827cab37e2856601130cfb5014c614c665fe7a","has_concept","Concept"
"Output Value","25c467f3ae4ac3e5515d4e1ddcc55722e0991d2be6db75070d70806d979bce4a","has_concept","Concept"
"Output Value","6e526f12d2c095efa9407e0f2d86c433646106a92977f39f288472604c74698a","has_concept","Concept"
"Output Value","a5674e0cb6b0a86350833ba612532bd0c006bba004fb6081296eddbf6540d19e","has_concept","Concept"
"Output Value","26050859c7ec12455c5c6420d11be1a17d536c5462d723aa738611ed5b775409","has_concept","Concept"
"null","bdfb29b01d75094514081f8c056e4fa4d81d6cc270901c6e9d25c3851b4cbc33","has_concept","Concept"
"null","0131ee44e69860cb4634d2e17b4543a7f252587eeafa10d50753709e4eb46747","has_concept","Concept"
"null","cad7e3494800c991a9c42b0270affbf37c030138b182f49bebe2aabff99d04f1","has_concept","Concept"
"null","3fc4da8bf1290f6d8df798ef242ca595781935b339b7c12b22ac10f0394f9500","has_concept","Concept"
"null","85a11ecd44a2ca6e6c3d9fb702dc424e60b24436448e5646fd2a78cdfd0eba20","has_concept","Concept"
"HEFEI_1 电厂","4669837444831fef81d067539551c7a15ef0bcb1beea46eb880d33bbde9ced89","has_concept","Concept"
"HEFEI_1 电厂","3cea148491c6cfa0e83eb572819149461a13678e70ca03b03ac215ee24d1b801","has_concept","Concept"
"HEFEI_1 电厂","0131ee44e69860cb4634d2e17b4543a7f252587eeafa10d50753709e4eb46747","has_concept","Concept"
"HEFEI_1 电厂","fe388981c3b80c7625890957614ef48745816f4b927eb2240eb54e66c1c3f172","has_concept","Concept"
"HEFEI_1 电厂","d54625a00de51f797b4ef07b6f11fa2eb7e8727b0795afe01bd8d5bf2179fc0d","has_concept","Concept"
"01 号机组","3cea148491c6cfa0e83eb572819149461a13678e70ca03b03ac215ee24d1b801","has_concept","Concept"
"01 号机组","5a8efffff9357d2508d8ce6c534d56e9dcd58c3208c85c7acc8fbc06b9188d34","has_concept","Concept"
"01 号机组","0131ee44e69860cb4634d2e17b4543a7f252587eeafa10d50753709e4eb46747","has_concept","Concept"
"01 号机组","27996d500dbb4515997200797f40fbecb20962873f9ca2ee38bb5f6e4a5bf4ac","has_concept","Concept"
"01 号机组","ff6f9ac03e8ee3ab3591bb62f998a8265979ac1242951c3dc548feeb9f035d63","has_concept","Concept"
"LAC 主系统","5a8efffff9357d2508d8ce6c534d56e9dcd58c3208c85c7acc8fbc06b9188d34","has_concept","Concept"
"LAC 主系统","b4613a07ee8e59611cb04f9460fc142737d8019262778684e38145532225a8ee","has_concept","Concept"
"LAC 主系统","cc8e7ecfbbc72dad83554e0e7f503fa492b016739cadd3971efdab1800e232bc","has_concept","Concept"
"LAC 主系统","0131ee44e69860cb4634d2e17b4543a7f252587eeafa10d50753709e4eb46747","has_concept","Concept"
"LAC 主系统","90f58830f25c0f5a70b26a92d070e32ecc399e8f7bac9b7a55f1184b0df73d13","has_concept","Concept"
"20 区域","ebe15467dc4d256459361b0b137d0328dab1dec981e6c6f346c79aef9f202070","has_concept","Concept"
"20 区域","dedcd404ab4b2091e86fd59678aec2963c4f042a80eb6a18804e25093bc97f99","has_concept","Concept"
"20 区域","2fcaab26634e2465b2fe619f5d7555c17944b8e8f24d57703485b6470fcf3092","has_concept","Concept"
"20 区域","afa86e002bb56c200d7c0806b78384a82e183ca8715480eb68a667400c90c8a8","has_concept","Concept"
"20 区域","ad23f3c9698b1ec50501c7fe65a382ce4a1df78882a5eed508242d04c0858623","has_concept","Concept"
"设备 BG112","0131ee44e69860cb4634d2e17b4543a7f252587eeafa10d50753709e4eb46747","has_concept","Concept"
"设备 BG112","2ffecbffdca5a73bd5b0f5a9db2a99ce57bc092250d35162eedd22267564447a","has_concept","Concept"
"设备 BG112","683eb8782b598d207e69058675ad82f8fc7a737983e06354078a67cece5b0b71","has_concept","Concept"
"设备 BG112","58e529fcb50aca1f6fefdb617d646db8410b2390c8346512af57e5e08e74b24f","has_concept","Concept"
"设备 BG112","b200bd39eacfa8f16e06852e9e89be21c4d793461bef5d78a614e4d6d89fa311","has_concept","Concept"
"BG","0131ee44e69860cb4634d2e17b4543a7f252587eeafa10d50753709e4eb46747","has_concept","Concept"
"BG","2ffecbffdca5a73bd5b0f5a9db2a99ce57bc092250d35162eedd22267564447a","has_concept","Concept"
"BG","536651c5652239160391cd3eb6f1cd6cb38aca24535dc9a03ecf57f78880adfa","has_concept","Concept"
"BG","683eb8782b598d207e69058675ad82f8fc7a737983e06354078a67cece5b0b71","has_concept","Concept"
"BG","58e529fcb50aca1f6fefdb617d646db8410b2390c8346512af57e5e08e74b24f","has_concept","Concept"
"112","b5269ea2bdc3148f717f3bef2f19ce2eaa57d8d396f7d6db7cc797d71fd28df4","has_concept","Concept"
"112","d5e223ed4f228d9fc1b8bc0d95cab00d9c7d1c11543fdd5de91f7297773ff6ba","has_concept","Concept"
"112","134baaa45c80b53218229acf3931d5867427484a5ff669212f62655032bfce49","has_concept","Concept"
"112","eeb75f36302d44e6dc2e48f75cb67f61d0b1f34b877c18ad6b0056537a344d31","has_concept","Concept"
"112","988d8ef2332eef9a9abdb6f3cf6c0c7baefccacb2ab0e3fa6e1a480aba317c51","has_concept","Concept"
"测点SGC.HEFEI_1.01LAC20BG112","bdfb29b01d75094514081f8c056e4fa4d81d6cc270901c6e9d25c3851b4cbc33","has_concept","Concept"
"测点SGC.HEFEI_1.01LAC20BG112","5a8efffff9357d2508d8ce6c534d56e9dcd58c3208c85c7acc8fbc06b9188d34","has_concept","Concept"
"测点SGC.HEFEI_1.01LAC20BG112","0131ee44e69860cb4634d2e17b4543a7f252587eeafa10d50753709e4eb46747","has_concept","Concept"
"测点SGC.HEFEI_1.01LAC20BG112","cad7e3494800c991a9c42b0270affbf37c030138b182f49bebe2aabff99d04f1","has_concept","Concept"
"测点SGC.HEFEI_1.01LAC20BG112","d6f0aae305cf2622885437c22713de7cc55162d6528b8d28d0be8d00d61ba1a5","has_concept","Concept"
"01LAC20BG112","bedfbdd85ca69ffa07c0e7d22b87bbb22fa546828ca160cf38ac2c35092f8f03","has_concept","Concept"
"01LAC20BG112","988d8ef2332eef9a9abdb6f3cf6c0c7baefccacb2ab0e3fa6e1a480aba317c51","has_concept","Concept"
"01LAC20BG112","906e80342a7be3a7af256118cbb3cf03bb49b9eade9d71d8b8f9b86bb43c1faa","has_concept","Concept"
"01LAC20BG112","3a05a7d5df055a0cce04e1cd0d711de992e92cf74cae89829191833ac7f46772","has_concept","Concept"
"01LAC20BG112","c2373dbb191e71cfbfce15b29a74096371c0c9e8f371e5e24a331c0878a7ba48","has_concept","Concept"
"中压给水泵A驱动端径向轴承座Y向振动","614bd39211f16e739e908349a50df3af749bc56e23b839dd7e1d0978f684dfb3","has_concept","Concept"
"中压给水泵A驱动端径向轴承座Y向振动","3b81f7e651bfb54045a5bec80221133d8a5ba976cb16c90150763a7f026bf255","has_concept","Concept"
"中压给水泵A驱动端径向轴承座Y向振动","58e529fcb50aca1f6fefdb617d646db8410b2390c8346512af57e5e08e74b24f","has_concept","Concept"
"中压给水泵A驱动端径向轴承座Y向振动","0131ee44e69860cb4634d2e17b4543a7f252587eeafa10d50753709e4eb46747","has_concept","Concept"
"中压给水泵A驱动端径向轴承座Y向振动","d08100cba73f9231d677aef35a168429eb9aed33a62169444b6c706d5bed13dc","has_concept","Concept"
"中压给水泵A驱动端径向轴承座Y向振动","26050859c7ec12455c5c6420d11be1a17d536c5462d723aa738611ed5b775409","has_concept","Concept"
"设备 BG113","0131ee44e69860cb4634d2e17b4543a7f252587eeafa10d50753709e4eb46747","has_concept","Concept"
"设备 BG113","683eb8782b598d207e69058675ad82f8fc7a737983e06354078a67cece5b0b71","has_concept","Concept"
"设备 BG113","58e529fcb50aca1f6fefdb617d646db8410b2390c8346512af57e5e08e74b24f","has_concept","Concept"
"设备 BG113","536651c5652239160391cd3eb6f1cd6cb38aca24535dc9a03ecf57f78880adfa","has_concept","Concept"
"设备 BG113","b200bd39eacfa8f16e06852e9e89be21c4d793461bef5d78a614e4d6d89fa311","has_concept","Concept"
"设备 BG113","ff6f9ac03e8ee3ab3591bb62f998a8265979ac1242951c3dc548feeb9f035d63","has_concept","Concept"
"113","cea9b154565fc20f17edc9c2e259e191de17123f0d4c01aaf5baa99e2c983e13","has_concept","Concept"
"113","b5269ea2bdc3148f717f3bef2f19ce2eaa57d8d396f7d6db7cc797d71fd28df4","has_concept","Concept"
"113","d5e223ed4f228d9fc1b8bc0d95cab00d9c7d1c11543fdd5de91f7297773ff6ba","has_concept","Concept"
"113","370d0cf3febd9112cf527004aff820057729f8a9bdc857b8b170bf15bf2c5fa9","has_concept","Concept"
"测点SGC.DANYANG_2.20MAY10EC001_ESVCLSD","bdfb29b01d75094514081f8c056e4fa4d81d6cc270901c6e9d25c3851b4cbc33","has_concept","Concept"
"测点SGC.DANYANG_2.20MAY10EC001_ESVCLSD","0131ee44e69860cb4634d2e17b4543a7f252587eeafa10d50753709e4eb46747","has_concept","Concept"
"测点SGC.DANYANG_2.20MAY10EC001_ESVCLSD","3fc4da8bf1290f6d8df798ef242ca595781935b339b7c12b22ac10f0394f9500","has_concept","Concept"
"测点SGC.DANYANG_2.20MAY10EC001_ESVCLSD","cad7e3494800c991a9c42b0270affbf37c030138b182f49bebe2aabff99d04f1","has_concept","Concept"
"测点SGC.DANYANG_2.20MAY10EC001_ESVCLSD","d6f0aae305cf2622885437c22713de7cc55162d6528b8d28d0be8d00d61ba1a5","has_concept","Concept"
"测点SGC.DANYANG_2.20MAY10EC001_ESVCLSD","34c8d0a962d3e0f128b6b72f6ef218835bbb1a51c555cc52a49aaf61f48fe841","has_concept","Concept"
"设备 EC001","0131ee44e69860cb4634d2e17b4543a7f252587eeafa10d50753709e4eb46747","has_concept","Concept"
"设备 EC001","3fc4da8bf1290f6d8df798ef242ca595781935b339b7c12b22ac10f0394f9500","has_concept","Concept"
"设备 EC001","cad7e3494800c991a9c42b0270affbf37c030138b182f49bebe2aabff99d04f1","has_concept","Concept"
"设备 EC001","683eb8782b598d207e69058675ad82f8fc7a737983e06354078a67cece5b0b71","has_concept","Concept"
"设备 EC001","bdfb29b01d75094514081f8c056e4fa4d81d6cc270901c6e9d25c3851b4cbc33","has_concept","Concept"
"设备 EC001","39a2d8eb6a959efa8ea2a1c91287b2d8eaf330a86dff3cb8e0f66c43c4c48602","has_concept","Concept"
"EC","0131ee44e69860cb4634d2e17b4543a7f252587eeafa10d50753709e4eb46747","has_concept","Concept"
"EC","683eb8782b598d207e69058675ad82f8fc7a737983e06354078a67cece5b0b71","has_concept","Concept"
"EC","cad7e3494800c991a9c42b0270affbf37c030138b182f49bebe2aabff99d04f1","has_concept","Concept"
"EC","3f583dfa79f159dfdb9494b2378130cd9b99b2ea00284e1cc054456581122009","has_concept","Concept"
"EC","bdfb29b01d75094514081f8c056e4fa4d81d6cc270901c6e9d25c3851b4cbc33","has_concept","Concept"
"EC","82f8cb6c580f39fc1c2d6d1def91e3399e0bee1797b6d783be7716be3b6f7692","has_concept","Concept"
"001","b5269ea2bdc3148f717f3bef2f19ce2eaa57d8d396f7d6db7cc797d71fd28df4","has_concept","Concept"
"001","0324a926f01bef4e6ca08b9b2cb3c1f625c7437ae4dfe04f622320b08db83eda","has_concept","Concept"
"001","988d8ef2332eef9a9abdb6f3cf6c0c7baefccacb2ab0e3fa6e1a480aba317c51","has_concept","Concept"
"001","906e80342a7be3a7af256118cbb3cf03bb49b9eade9d71d8b8f9b86bb43c1faa","has_concept","Concept"
"001","134baaa45c80b53218229acf3931d5867427484a5ff669212f62655032bfce49","has_concept","Concept"
"DANYANG_2 电厂","4669837444831fef81d067539551c7a15ef0bcb1beea46eb880d33bbde9ced89","has_concept","Concept"
"DANYANG_2 电厂","059c81a5374baa3858a3dd43dfbd1c8566c859ae17ee07ba89bea3b41a260bc3","has_concept","Concept"
"DANYANG_2 电厂","0302151e67676ac983132e980b7f86169cc2d1a8f4c21d4cba0df42789c4c0c4","has_concept","Concept"
"DANYANG_2 电厂","dc11db10a573f256b62f2ea4f8b32b44c9ce10932ac796a29bb79a893325b348","has_concept","Concept"
"DANYANG_2 电厂","0131ee44e69860cb4634d2e17b4543a7f252587eeafa10d50753709e4eb46747","has_concept","Concept"
"DANYANG_2 电厂","0f96af10ceea0608148063b08939f7f211ebdfcacd4eabbc733385bc8217aff4","has_concept","Concept"
"20 号机组","3cea148491c6cfa0e83eb572819149461a13678e70ca03b03ac215ee24d1b801","has_concept","Concept"
"20 号机组","5a8efffff9357d2508d8ce6c534d56e9dcd58c3208c85c7acc8fbc06b9188d34","has_concept","Concept"
"20 号机组","0131ee44e69860cb4634d2e17b4543a7f252587eeafa10d50753709e4eb46747","has_concept","Concept"
"20 号机组","b200bd39eacfa8f16e06852e9e89be21c4d793461bef5d78a614e4d6d89fa311","has_concept","Concept"
"20 号机组","02ea14d68b5e39572072c12d38fe206962b09f782c7dc867ffed67964e82c3c2","has_concept","Concept"
"10 区域","ebe15467dc4d256459361b0b137d0328dab1dec981e6c6f346c79aef9f202070","has_concept","Concept"
"10 区域","e89a5b8e58b2921f8ced24f5fa404473972b9fb8316167b62787746d2e169d72","has_concept","Concept"
"10 区域","ce684e86a91ce2839da02645cd0522ff2ecbfb2c8afaff1d31b417406e78d820","has_concept","Concept"
"10 区域","1106dd6ff378597fcd40bb2cb6516a7a0e193103197099850838c734f32b4524","has_concept","Concept"
"10 区域","dedcd404ab4b2091e86fd59678aec2963c4f042a80eb6a18804e25093bc97f99","has_concept","Concept"
"MAY 主系统","5a8efffff9357d2508d8ce6c534d56e9dcd58c3208c85c7acc8fbc06b9188d34","has_concept","Concept"
"MAY 主系统","0b8a4c231151d88314ffbe545d32296de97cad46e92bb2410e00904da6da9750","has_concept","Concept"
"MAY 主系统","27996d500dbb4515997200797f40fbecb20962873f9ca2ee38bb5f6e4a5bf4ac","has_concept","Concept"
"MAY 主系统","90f58830f25c0f5a70b26a92d070e32ecc399e8f7bac9b7a55f1184b0df73d13","has_concept","Concept"
"MAY 主系统","122f448305427a68220735c21f77741ddecc12a9eb9ef37a6e2471783ea726e6","has_concept","Concept"
"MAY 主系统","b200bd39eacfa8f16e06852e9e89be21c4d793461bef5d78a614e4d6d89fa311","has_concept","Concept"
"24. HEFEI_2 电厂","4669837444831fef81d067539551c7a15ef0bcb1beea46eb880d33bbde9ced89","has_concept","Concept"
"24. HEFEI_2 电厂","3cea148491c6cfa0e83eb572819149461a13678e70ca03b03ac215ee24d1b801","has_concept","Concept"
"24. HEFEI_2 电厂","0302151e67676ac983132e980b7f86169cc2d1a8f4c21d4cba0df42789c4c0c4","has_concept","Concept"
"24. HEFEI_2 电厂","c4d12602e926c505703c6d14be0dd8511f17aa9a06a970d325626c32e4a3f074","has_concept","Concept"
"24. HEFEI_2 电厂","d54625a00de51f797b4ef07b6f11fa2eb7e8727b0795afe01bd8d5bf2179fc0d","has_concept","Concept"
"02 号机组","3cea148491c6cfa0e83eb572819149461a13678e70ca03b03ac215ee24d1b801","has_concept","Concept"
"02 号机组","5a8efffff9357d2508d8ce6c534d56e9dcd58c3208c85c7acc8fbc06b9188d34","has_concept","Concept"
"02 号机组","7ad45c56ffd8bd073234b09a6b429059ad545340b7a57fb60db35ba7ca4ed079","has_concept","Concept"
"02 号机组","0131ee44e69860cb4634d2e17b4543a7f252587eeafa10d50753709e4eb46747","has_concept","Concept"
"02 号机组","27996d500dbb4515997200797f40fbecb20962873f9ca2ee38bb5f6e4a5bf4ac","has_concept","Concept"
"PAC 主系统","5a8efffff9357d2508d8ce6c534d56e9dcd58c3208c85c7acc8fbc06b9188d34","has_concept","Concept"
"PAC 主系统","cc8e7ecfbbc72dad83554e0e7f503fa492b016739cadd3971efdab1800e232bc","has_concept","Concept"
"PAC 主系统","0131ee44e69860cb4634d2e17b4543a7f252587eeafa10d50753709e4eb46747","has_concept","Concept"
"PAC 主系统","90f58830f25c0f5a70b26a92d070e32ecc399e8f7bac9b7a55f1184b0df73d13","has_concept","Concept"
"PAC 主系统","30026622f657b421c1757bcf48933f4608fcc4ba36a46a8d73f08fdb02708b9c","has_concept","Concept"
"PAC 主系统","9d5f3cce18124bda48f9093c580265c2f094e9dc1b11a6d0137d2ea7a68015a9","has_concept","Concept"
"01 区域","ebe15467dc4d256459361b0b137d0328dab1dec981e6c6f346c79aef9f202070","has_concept","Concept"
"01 区域","e89a5b8e58b2921f8ced24f5fa404473972b9fb8316167b62787746d2e169d72","has_concept","Concept"
"01 区域","2fcaab26634e2465b2fe619f5d7555c17944b8e8f24d57703485b6470fcf3092","has_concept","Concept"
"01 区域","5c1d521cf1ab3618e8ac6261a8eac2c8bd7e6d5cd3abbe48b6f89ab8df4ac7be","has_concept","Concept"
"01 区域","ad23f3c9698b1ec50501c7fe65a382ce4a1df78882a5eed508242d04c0858623","has_concept","Concept"
"设备 UC020","0131ee44e69860cb4634d2e17b4543a7f252587eeafa10d50753709e4eb46747","has_concept","Concept"
"设备 UC020","683eb8782b598d207e69058675ad82f8fc7a737983e06354078a67cece5b0b71","has_concept","Concept"
"设备 UC020","3fc4da8bf1290f6d8df798ef242ca595781935b339b7c12b22ac10f0394f9500","has_concept","Concept"
"设备 UC020","cad7e3494800c991a9c42b0270affbf37c030138b182f49bebe2aabff99d04f1","has_concept","Concept"
"设备 UC020","58e529fcb50aca1f6fefdb617d646db8410b2390c8346512af57e5e08e74b24f","has_concept","Concept"
"设备 UC020","5a8efffff9357d2508d8ce6c534d56e9dcd58c3208c85c7acc8fbc06b9188d34","has_concept","Concept"
"UC","0131ee44e69860cb4634d2e17b4543a7f252587eeafa10d50753709e4eb46747","has_concept","Concept"
"UC","fe6d4c1dcf66b17d597878890eaad380e079f89eccb364409a36c5651f95bd1e","has_concept","Concept"
"UC","be15d202f63afe30f54ed775d1d410059ebcbe45830845103a290532ec208bf8","has_concept","Concept"
"UC","5a8efffff9357d2508d8ce6c534d56e9dcd58c3208c85c7acc8fbc06b9188d34","has_concept","Concept"
"UC","c6fcad4021b323a6bbef89d08be8d69cf8b31019ed0d2e5143aa5dedfdbbfcaf","has_concept","Concept"
"020","d5e223ed4f228d9fc1b8bc0d95cab00d9c7d1c11543fdd5de91f7297773ff6ba","has_concept","Concept"
"020","eb78c95e583252cdec4919d819ec30a0b6eabd236e35ecda758c512956d0161f","has_concept","Concept"
"020","199e078d742395a0d69da011644f8270715605b07b1b351c0f6753fda5dd92f7","has_concept","Concept"
"020","eeb75f36302d44e6dc2e48f75cb67f61d0b1f34b877c18ad6b0056537a344d31","has_concept","Concept"
"测点SGC.HEFEI_2.02PAC01UC020XQ01","3fc4da8bf1290f6d8df798ef242ca595781935b339b7c12b22ac10f0394f9500","has_concept","Concept"
"测点SGC.HEFEI_2.02PAC01UC020XQ01","0131ee44e69860cb4634d2e17b4543a7f252587eeafa10d50753709e4eb46747","has_concept","Concept"
"测点SGC.HEFEI_2.02PAC01UC020XQ01","cad7e3494800c991a9c42b0270affbf37c030138b182f49bebe2aabff99d04f1","has_concept","Concept"
"测点SGC.HEFEI_2.02PAC01UC020XQ01","d6f0aae305cf2622885437c22713de7cc55162d6528b8d28d0be8d00d61ba1a5","has_concept","Concept"
"测点SGC.HEFEI_2.02PAC01UC020XQ01","85a11ecd44a2ca6e6c3d9fb702dc424e60b24436448e5646fd2a78cdfd0eba20","has_concept","Concept"
"02PAC01UC020XQ01","bdfb29b01d75094514081f8c056e4fa4d81d6cc270901c6e9d25c3851b4cbc33","has_concept","Concept"
"02PAC01UC020XQ01","0131ee44e69860cb4634d2e17b4543a7f252587eeafa10d50753709e4eb46747","has_concept","Concept"
"02PAC01UC020XQ01","bedfbdd85ca69ffa07c0e7d22b87bbb22fa546828ca160cf38ac2c35092f8f03","has_concept","Concept"
"02PAC01UC020XQ01","906e80342a7be3a7af256118cbb3cf03bb49b9eade9d71d8b8f9b86bb43c1faa","has_concept","Concept"
"02PAC01UC020XQ01","5a8efffff9357d2508d8ce6c534d56e9dcd58c3208c85c7acc8fbc06b9188d34","has_concept","Concept"
"02PAC01UC020XQ01","988d8ef2332eef9a9abdb6f3cf6c0c7baefccacb2ab0e3fa6e1a480aba317c51","has_concept","Concept"
"XQ01","0131ee44e69860cb4634d2e17b4543a7f252587eeafa10d50753709e4eb46747","has_concept","Concept"
"XQ01","cad7e3494800c991a9c42b0270affbf37c030138b182f49bebe2aabff99d04f1","has_concept","Concept"
"XQ01","bdfb29b01d75094514081f8c056e4fa4d81d6cc270901c6e9d25c3851b4cbc33","has_concept","Concept"
"XQ01","988d8ef2332eef9a9abdb6f3cf6c0c7baefccacb2ab0e3fa6e1a480aba317c51","has_concept","Concept"
"XQ01","906e80342a7be3a7af256118cbb3cf03bb49b9eade9d71d8b8f9b86bb43c1faa","has_concept","Concept"
"循环水泵2变频器柜电机电流","0131ee44e69860cb4634d2e17b4543a7f252587eeafa10d50753709e4eb46747","has_concept","Concept"
"循环水泵2变频器柜电机电流","cad7e3494800c991a9c42b0270affbf37c030138b182f49bebe2aabff99d04f1","has_concept","Concept"
"循环水泵2变频器柜电机电流","26050859c7ec12455c5c6420d11be1a17d536c5462d723aa738611ed5b775409","has_concept","Concept"
"循环水泵2变频器柜电机电流","b0127ecd049892a8091be5b45c3de4362837b5750723429a601891af1fc0dafe","has_concept","Concept"
"循环水泵2变频器柜电机电流","cc8e7ecfbbc72dad83554e0e7f503fa492b016739cadd3971efdab1800e232bc","has_concept","Concept"
"循环水泵2变频器柜电机电流","bdfb29b01d75094514081f8c056e4fa4d81d6cc270901c6e9d25c3851b4cbc33","has_concept","Concept"
"HEFEI_2 电厂","4669837444831fef81d067539551c7a15ef0bcb1beea46eb880d33bbde9ced89","has_concept","Concept"
"HEFEI_2 电厂","14958a9c6cbfcf3d1265f543b361ea3781742bc8d12b83449b43bd51cee5675b","has_concept","Concept"
"HEFEI_2 电厂","0f96af10ceea0608148063b08939f7f211ebdfcacd4eabbc733385bc8217aff4","has_concept","Concept"
"HEFEI_2 电厂","65c57433148900a71cb2f6061d6ce09592e996704906acd79d3119f523e850a5","has_concept","Concept"
"HEFEI_2 电厂","fe388981c3b80c7625890957614ef48745816f4b927eb2240eb54e66c1c3f172","has_concept","Concept"
"25. CHUZHOU_1 电厂","4669837444831fef81d067539551c7a15ef0bcb1beea46eb880d33bbde9ced89","has_concept","Concept"
"25. CHUZHOU_1 电厂","3cea148491c6cfa0e83eb572819149461a13678e70ca03b03ac215ee24d1b801","has_concept","Concept"
"25. CHUZHOU_1 电厂","c4d12602e926c505703c6d14be0dd8511f17aa9a06a970d325626c32e4a3f074","has_concept","Concept"
"25. CHUZHOU_1 电厂","059c81a5374baa3858a3dd43dfbd1c8566c859ae17ee07ba89bea3b41a260bc3","has_concept","Concept"
"25. CHUZHOU_1 电厂","fe388981c3b80c7625890957614ef48745816f4b927eb2240eb54e66c1c3f172","has_concept","Concept"
"MBY 主系统","5a8efffff9357d2508d8ce6c534d56e9dcd58c3208c85c7acc8fbc06b9188d34","has_concept","Concept"
"MBY 主系统","cc8e7ecfbbc72dad83554e0e7f503fa492b016739cadd3971efdab1800e232bc","has_concept","Concept"
"MBY 主系统","0131ee44e69860cb4634d2e17b4543a7f252587eeafa10d50753709e4eb46747","has_concept","Concept"
"MBY 主系统","90f58830f25c0f5a70b26a92d070e32ecc399e8f7bac9b7a55f1184b0df73d13","has_concept","Concept"
"MBY 主系统","122f448305427a68220735c21f77741ddecc12a9eb9ef37a6e2471783ea726e6","has_concept","Concept"
"MBY 主系统","683eb8782b598d207e69058675ad82f8fc7a737983e06354078a67cece5b0b71","has_concept","Concept"
"设备 DU061","0131ee44e69860cb4634d2e17b4543a7f252587eeafa10d50753709e4eb46747","has_concept","Concept"
"设备 DU061","683eb8782b598d207e69058675ad82f8fc7a737983e06354078a67cece5b0b71","has_concept","Concept"
"设备 DU061","3fc4da8bf1290f6d8df798ef242ca595781935b339b7c12b22ac10f0394f9500","has_concept","Concept"
"设备 DU061","cad7e3494800c991a9c42b0270affbf37c030138b182f49bebe2aabff99d04f1","has_concept","Concept"
"设备 DU061","988d8ef2332eef9a9abdb6f3cf6c0c7baefccacb2ab0e3fa6e1a480aba317c51","has_concept","Concept"
"设备 DU061","33e8f0716a1d3bdf27a9ce46f800e109d35290841a37dd1328eb4d34b7d5e33f","has_concept","Concept"
"DU","0131ee44e69860cb4634d2e17b4543a7f252587eeafa10d50753709e4eb46747","has_concept","Concept"
"DU","683eb8782b598d207e69058675ad82f8fc7a737983e06354078a67cece5b0b71","has_concept","Concept"
"DU","3fc4da8bf1290f6d8df798ef242ca595781935b339b7c12b22ac10f0394f9500","has_concept","Concept"
"DU","bdfb29b01d75094514081f8c056e4fa4d81d6cc270901c6e9d25c3851b4cbc33","has_concept","Concept"
"DU","b200bd39eacfa8f16e06852e9e89be21c4d793461bef5d78a614e4d6d89fa311","has_concept","Concept"
"DU","cad7e3494800c991a9c42b0270affbf37c030138b182f49bebe2aabff99d04f1","has_concept","Concept"
"061","b5269ea2bdc3148f717f3bef2f19ce2eaa57d8d396f7d6db7cc797d71fd28df4","has_concept","Concept"
"061","d5e223ed4f228d9fc1b8bc0d95cab00d9c7d1c11543fdd5de91f7297773ff6ba","has_concept","Concept"
"061","134baaa45c80b53218229acf3931d5867427484a5ff669212f62655032bfce49","has_concept","Concept"
"061","eeb75f36302d44e6dc2e48f75cb67f61d0b1f34b877c18ad6b0056537a344d31","has_concept","Concept"
"061","988d8ef2332eef9a9abdb6f3cf6c0c7baefccacb2ab0e3fa6e1a480aba317c51","has_concept","Concept"
"测点SGC.CHUZHOU_1.10MBY10DU061XQ01","bdfb29b01d75094514081f8c056e4fa4d81d6cc270901c6e9d25c3851b4cbc33","has_concept","Concept"
"测点SGC.CHUZHOU_1.10MBY10DU061XQ01","0131ee44e69860cb4634d2e17b4543a7f252587eeafa10d50753709e4eb46747","has_concept","Concept"
"测点SGC.CHUZHOU_1.10MBY10DU061XQ01","3fc4da8bf1290f6d8df798ef242ca595781935b339b7c12b22ac10f0394f9500","has_concept","Concept"
"测点SGC.CHUZHOU_1.10MBY10DU061XQ01","cad7e3494800c991a9c42b0270affbf37c030138b182f49bebe2aabff99d04f1","has_concept","Concept"
"测点SGC.CHUZHOU_1.10MBY10DU061XQ01","b5269ea2bdc3148f717f3bef2f19ce2eaa57d8d396f7d6db7cc797d71fd28df4","has_concept","Concept"
"测点SGC.CHUZHOU_1.10MBY10DU061XQ01","34c8d0a962d3e0f128b6b72f6ef218835bbb1a51c555cc52a49aaf61f48fe841","has_concept","Concept"
"10MBY10DU061XQ01","bedfbdd85ca69ffa07c0e7d22b87bbb22fa546828ca160cf38ac2c35092f8f03","has_concept","Concept"
"10MBY10DU061XQ01","988d8ef2332eef9a9abdb6f3cf6c0c7baefccacb2ab0e3fa6e1a480aba317c51","has_concept","Concept"
"10MBY10DU061XQ01","906e80342a7be3a7af256118cbb3cf03bb49b9eade9d71d8b8f9b86bb43c1faa","has_concept","Concept"
"10MBY10DU061XQ01","3a05a7d5df055a0cce04e1cd0d711de992e92cf74cae89829191833ac7f46772","has_concept","Concept"
"10MBY10DU061XQ01","c2373dbb191e71cfbfce15b29a74096371c0c9e8f371e5e24a331c0878a7ba48","has_concept","Concept"
"CHUZHOU_1 电厂","4669837444831fef81d067539551c7a15ef0bcb1beea46eb880d33bbde9ced89","has_concept","Concept"
"CHUZHOU_1 电厂","3cea148491c6cfa0e83eb572819149461a13678e70ca03b03ac215ee24d1b801","has_concept","Concept"
"CHUZHOU_1 电厂","0131ee44e69860cb4634d2e17b4543a7f252587eeafa10d50753709e4eb46747","has_concept","Concept"
"CHUZHOU_1 电厂","0302151e67676ac983132e980b7f86169cc2d1a8f4c21d4cba0df42789c4c0c4","has_concept","Concept"
"CHUZHOU_1 电厂","059c81a5374baa3858a3dd43dfbd1c8566c859ae17ee07ba89bea3b41a260bc3","has_concept","Concept"
"CHUZHOU_1 电厂","dc11db10a573f256b62f2ea4f8b32b44c9ce10932ac796a29bb79a893325b348","has_concept","Concept"
"26. HEFEI_2 电厂","4669837444831fef81d067539551c7a15ef0bcb1beea46eb880d33bbde9ced89","has_concept","Concept"
"26. HEFEI_2 电厂","3cea148491c6cfa0e83eb572819149461a13678e70ca03b03ac215ee24d1b801","has_concept","Concept"
"26. HEFEI_2 电厂","0302151e67676ac983132e980b7f86169cc2d1a8f4c21d4cba0df42789c4c0c4","has_concept","Concept"
"26. HEFEI_2 电厂","c4d12602e926c505703c6d14be0dd8511f17aa9a06a970d325626c32e4a3f074","has_concept","Concept"
"26. HEFEI_2 电厂","059c81a5374baa3858a3dd43dfbd1c8566c859ae17ee07ba89bea3b41a260bc3","has_concept","Concept"
"测点SGC.HEFEI_2.02PAC01UC020XQ02","bdfb29b01d75094514081f8c056e4fa4d81d6cc270901c6e9d25c3851b4cbc33","has_concept","Concept"
"测点SGC.HEFEI_2.02PAC01UC020XQ02","0131ee44e69860cb4634d2e17b4543a7f252587eeafa10d50753709e4eb46747","has_concept","Concept"
"测点SGC.HEFEI_2.02PAC01UC020XQ02","cad7e3494800c991a9c42b0270affbf37c030138b182f49bebe2aabff99d04f1","has_concept","Concept"
"测点SGC.HEFEI_2.02PAC01UC020XQ02","3fc4da8bf1290f6d8df798ef242ca595781935b339b7c12b22ac10f0394f9500","has_concept","Concept"
"测点SGC.HEFEI_2.02PAC01UC020XQ02","d6f0aae305cf2622885437c22713de7cc55162d6528b8d28d0be8d00d61ba1a5","has_concept","Concept"
"02PAC01UC020XQ02","bdfb29b01d75094514081f8c056e4fa4d81d6cc270901c6e9d25c3851b4cbc33","has_concept","Concept"
"02PAC01UC020XQ02","0131ee44e69860cb4634d2e17b4543a7f252587eeafa10d50753709e4eb46747","has_concept","Concept"
"02PAC01UC020XQ02","bedfbdd85ca69ffa07c0e7d22b87bbb22fa546828ca160cf38ac2c35092f8f03","has_concept","Concept"
"02PAC01UC020XQ02","988d8ef2332eef9a9abdb6f3cf6c0c7baefccacb2ab0e3fa6e1a480aba317c51","has_concept","Concept"
"02PAC01UC020XQ02","d6f0aae305cf2622885437c22713de7cc55162d6528b8d28d0be8d00d61ba1a5","has_concept","Concept"
"XQ02","0131ee44e69860cb4634d2e17b4543a7f252587eeafa10d50753709e4eb46747","has_concept","Concept"
"XQ02","cad7e3494800c991a9c42b0270affbf37c030138b182f49bebe2aabff99d04f1","has_concept","Concept"
"XQ02","bdfb29b01d75094514081f8c056e4fa4d81d6cc270901c6e9d25c3851b4cbc33","has_concept","Concept"
"XQ02","5a8efffff9357d2508d8ce6c534d56e9dcd58c3208c85c7acc8fbc06b9188d34","has_concept","Concept"
"XQ02","90f58830f25c0f5a70b26a92d070e32ecc399e8f7bac9b7a55f1184b0df73d13","has_concept","Concept"
"循环水泵2变频器柜电机电压","0131ee44e69860cb4634d2e17b4543a7f252587eeafa10d50753709e4eb46747","has_concept","Concept"
"循环水泵2变频器柜电机电压","b885b1e0dc0d439c8a6fa3bd1d589f8a5132e0463873c4681e3b55ce2ba7603b","has_concept","Concept"
"循环水泵2变频器柜电机电压","a4986202309df45821b8755592d5067f35544af9463d1b43750d1520a99b094f","has_concept","Concept"
"循环水泵2变频器柜电机电压","b11c5b2f7abf5ed911007f4d19c5d7bab398b829dd56b03eb08256e1f93d0679","has_concept","Concept"
"循环水泵2变频器柜电机电压","c6bd20441d82b01a04ea2c7f3636ef12cb6c27e589314c773dced7fef8a9af01","has_concept","Concept"
"循环水泵2变频器柜电机电压","f6123d8db4aa079688d04eedb4211bb832d4125145725292eb44b0c28031a648","has_concept","Concept"
"循环水泵2变频器柜电机电压","4b1dee18f820a1be71481110f33efd4a882063720a7a838a8f09ee4fdfc78679","has_concept","Concept"
"27. ZHOUKOU_2 电厂","4669837444831fef81d067539551c7a15ef0bcb1beea46eb880d33bbde9ced89","has_concept","Concept"
"27. ZHOUKOU_2 电厂","059c81a5374baa3858a3dd43dfbd1c8566c859ae17ee07ba89bea3b41a260bc3","has_concept","Concept"
"27. ZHOUKOU_2 电厂","c4d12602e926c505703c6d14be0dd8511f17aa9a06a970d325626c32e4a3f074","has_concept","Concept"
"27. ZHOUKOU_2 电厂","0302151e67676ac983132e980b7f86169cc2d1a8f4c21d4cba0df42789c4c0c4","has_concept","Concept"
"20","cea9b154565fc20f17edc9c2e259e191de17123f0d4c01aaf5baa99e2c983e13","has_concept","Concept"
"20","e33221028e26fd0c316fd6d3a0827cab37e2856601130cfb5014c614c665fe7a","has_concept","Concept"
"20","22079c08f9b67f240eedcdcd28305e5494bedf9c26ee5f9d161f0428eab2129f","has_concept","Concept"
"DANYANG_2.21MBV30CP901XG02","0131ee44e69860cb4634d2e17b4543a7f252587eeafa10d50753709e4eb46747","has_concept","Concept"
"DANYANG_2.21MBV30CP901XG02","5a8efffff9357d2508d8ce6c534d56e9dcd58c3208c85c7acc8fbc06b9188d34","has_concept","Concept"
"DANYANG_2.21MBV30CP901XG02","90f58830f25c0f5a70b26a92d070e32ecc399e8f7bac9b7a55f1184b0df73d13","has_concept","Concept"
"DANYANG_2.21MBV30CP901XG02","24e93b36e3298d3a6dd88091dbdf8f8ef184e073294a2e68fa152566e97dd6aa","has_concept","Concept"
"DANYANG_2.21MBV30CP901XG02","536651c5652239160391cd3eb6f1cd6cb38aca24535dc9a03ecf57f78880adfa","has_concept","Concept"
"MBV 主系统","5a8efffff9357d2508d8ce6c534d56e9dcd58c3208c85c7acc8fbc06b9188d34","has_concept","Concept"
"MBV 主系统","0b8a4c231151d88314ffbe545d32296de97cad46e92bb2410e00904da6da9750","has_concept","Concept"
"MBV 主系统","cc8e7ecfbbc72dad83554e0e7f503fa492b016739cadd3971efdab1800e232bc","has_concept","Concept"
"MBV 主系统","90f58830f25c0f5a70b26a92d070e32ecc399e8f7bac9b7a55f1184b0df73d13","has_concept","Concept"
"MBV 主系统","122f448305427a68220735c21f77741ddecc12a9eb9ef37a6e2471783ea726e6","has_concept","Concept"
"MBH 主系统","5a8efffff9357d2508d8ce6c534d56e9dcd58c3208c85c7acc8fbc06b9188d34","has_concept","Concept"
"MBH 主系统","0131ee44e69860cb4634d2e17b4543a7f252587eeafa10d50753709e4eb46747","has_concept","Concept"
"MBH 主系统","cc8e7ecfbbc72dad83554e0e7f503fa492b016739cadd3971efdab1800e232bc","has_concept","Concept"
"MBH 主系统","683eb8782b598d207e69058675ad82f8fc7a737983e06354078a67cece5b0b71","has_concept","Concept"
"MBH 主系统","90f58830f25c0f5a70b26a92d070e32ecc399e8f7bac9b7a55f1184b0df73d13","has_concept","Concept"
"MBH 主系统","3ed395cc47fb0c764fc81e65d944b28ede0161e43cad141e34f5d17c85b025b3","has_concept","Concept"
"MBH 主系统","58e529fcb50aca1f6fefdb617d646db8410b2390c8346512af57e5e08e74b24f","has_concept","Concept"
"22 区域","ebe15467dc4d256459361b0b137d0328dab1dec981e6c6f346c79aef9f202070","has_concept","Concept"
"22 区域","ce684e86a91ce2839da02645cd0522ff2ecbfb2c8afaff1d31b417406e78d820","has_concept","Concept"
"22 区域","9e3a366ca500d953bb8472dabe0176d6bc8d67755de7656a73df46ddcf16539e","has_concept","Concept"
"22 区域","b5269ea2bdc3148f717f3bef2f19ce2eaa57d8d396f7d6db7cc797d71fd28df4","has_concept","Concept"
"22 区域","65eab845fc1d12d696baad56a0f3bcdf8956541ab02302eec2f1a971cab04bd6","has_concept","Concept"
"设备 CP102","0131ee44e69860cb4634d2e17b4543a7f252587eeafa10d50753709e4eb46747","has_concept","Concept"
"设备 CP102","683eb8782b598d207e69058675ad82f8fc7a737983e06354078a67cece5b0b71","has_concept","Concept"
"设备 CP102","3fc4da8bf1290f6d8df798ef242ca595781935b339b7c12b22ac10f0394f9500","has_concept","Concept"
"设备 CP102","cad7e3494800c991a9c42b0270affbf37c030138b182f49bebe2aabff99d04f1","has_concept","Concept"
"设备 CP102","b200bd39eacfa8f16e06852e9e89be21c4d793461bef5d78a614e4d6d89fa311","has_concept","Concept"
"CP","0131ee44e69860cb4634d2e17b4543a7f252587eeafa10d50753709e4eb46747","has_concept","Concept"
"CP","2ffecbffdca5a73bd5b0f5a9db2a99ce57bc092250d35162eedd22267564447a","has_concept","Concept"
"CP","536651c5652239160391cd3eb6f1cd6cb38aca24535dc9a03ecf57f78880adfa","has_concept","Concept"
"CP","683eb8782b598d207e69058675ad82f8fc7a737983e06354078a67cece5b0b71","has_concept","Concept"
"CP","58e529fcb50aca1f6fefdb617d646db8410b2390c8346512af57e5e08e74b24f","has_concept","Concept"
"102","b5269ea2bdc3148f717f3bef2f19ce2eaa57d8d396f7d6db7cc797d71fd28df4","has_concept","Concept"
"102","d5e223ed4f228d9fc1b8bc0d95cab00d9c7d1c11543fdd5de91f7297773ff6ba","has_concept","Concept"
"102","370d0cf3febd9112cf527004aff820057729f8a9bdc857b8b170bf15bf2c5fa9","has_concept","Concept"
"测点SGC.CHUZHOU_1.10MBH22CP102XQ01","bdfb29b01d75094514081f8c056e4fa4d81d6cc270901c6e9d25c3851b4cbc33","has_concept","Concept"
"测点SGC.CHUZHOU_1.10MBH22CP102XQ01","d6f0aae305cf2622885437c22713de7cc55162d6528b8d28d0be8d00d61ba1a5","has_concept","Concept"
"测点SGC.CHUZHOU_1.10MBH22CP102XQ01","34c8d0a962d3e0f128b6b72f6ef218835bbb1a51c555cc52a49aaf61f48fe841","has_concept","Concept"
"测点SGC.CHUZHOU_1.10MBH22CP102XQ01","cad7e3494800c991a9c42b0270affbf37c030138b182f49bebe2aabff99d04f1","has_concept","Concept"
"测点SGC.CHUZHOU_1.10MBH22CP102XQ01","eeb75f36302d44e6dc2e48f75cb67f61d0b1f34b877c18ad6b0056537a344d31","has_concept","Concept"
"10MBH22CP102XQ01","bdfb29b01d75094514081f8c056e4fa4d81d6cc270901c6e9d25c3851b4cbc33","has_concept","Concept"
"10MBH22CP102XQ01","bedfbdd85ca69ffa07c0e7d22b87bbb22fa546828ca160cf38ac2c35092f8f03","has_concept","Concept"
"10MBH22CP102XQ01","0131ee44e69860cb4634d2e17b4543a7f252587eeafa10d50753709e4eb46747","has_concept","Concept"
"10MBH22CP102XQ01","988d8ef2332eef9a9abdb6f3cf6c0c7baefccacb2ab0e3fa6e1a480aba317c51","has_concept","Concept"
"10MBH22CP102XQ01","906e80342a7be3a7af256118cbb3cf03bb49b9eade9d71d8b8f9b86bb43c1faa","has_concept","Concept"
"SGC.CHUZHOU_1.10MBH22CP102XQ01","0131ee44e69860cb4634d2e17b4543a7f252587eeafa10d50753709e4eb46747","has_concept","Concept"
"SGC.CHUZHOU_1.10MBH22CP102XQ01","4669837444831fef81d067539551c7a15ef0bcb1beea46eb880d33bbde9ced89","has_concept","Concept"
"SGC.CHUZHOU_1.10MBH22CP102XQ01","ff6f9ac03e8ee3ab3591bb62f998a8265979ac1242951c3dc548feeb9f035d63","has_concept","Concept"
"SGC.CHUZHOU_1.10MBH22CP102XQ01","5a8efffff9357d2508d8ce6c534d56e9dcd58c3208c85c7acc8fbc06b9188d34","has_concept","Concept"
"SGC.CHUZHOU_1.10MBH22CP102XQ01","b200bd39eacfa8f16e06852e9e89be21c4d793461bef5d78a614e4d6d89fa311","has_concept","Concept"
"YIXING_1 电厂","4669837444831fef81d067539551c7a15ef0bcb1beea46eb880d33bbde9ced89","has_concept","Concept"
"YIXING_1 电厂","0f96af10ceea0608148063b08939f7f211ebdfcacd4eabbc733385bc8217aff4","has_concept","Concept"
"YIXING_1 电厂","059c81a5374baa3858a3dd43dfbd1c8566c859ae17ee07ba89bea3b41a260bc3","has_concept","Concept"
"YIXING_1 电厂","c4d12602e926c505703c6d14be0dd8511f17aa9a06a970d325626c32e4a3f074","has_concept","Concept"
"YIXING_1 电厂","fe388981c3b80c7625890957614ef48745816f4b927eb2240eb54e66c1c3f172","has_concept","Concept"
"MAV 主系统","5a8efffff9357d2508d8ce6c534d56e9dcd58c3208c85c7acc8fbc06b9188d34","has_concept","Concept"
"MAV 主系统","0b8a4c231151d88314ffbe545d32296de97cad46e92bb2410e00904da6da9750","has_concept","Concept"
"MAV 主系统","68337730291f57e017eee99c1f38a42a4c59d988f73855200f085d7542859cf9","has_concept","Concept"
"MAV 主系统","0131ee44e69860cb4634d2e17b4543a7f252587eeafa10d50753709e4eb46747","has_concept","Concept"
"MAV 主系统","90f58830f25c0f5a70b26a92d070e32ecc399e8f7bac9b7a55f1184b0df73d13","has_concept","Concept"
"MAV 主系统","122f448305427a68220735c21f77741ddecc12a9eb9ef37a6e2471783ea726e6","has_concept","Concept"
"21 区域","ebe15467dc4d256459361b0b137d0328dab1dec981e6c6f346c79aef9f202070","has_concept","Concept"
"21 区域","1363a70beffbf583756c59954d3bd4dcb80cd3b026dd2a4f8a933ef3dafd0b44","has_concept","Concept"
"21 区域","5a8efffff9357d2508d8ce6c534d56e9dcd58c3208c85c7acc8fbc06b9188d34","has_concept","Concept"
"21 区域","0131ee44e69860cb4634d2e17b4543a7f252587eeafa10d50753709e4eb46747","has_concept","Concept"
"21 区域","e89a5b8e58b2921f8ced24f5fa404473972b9fb8316167b62787746d2e169d72","has_concept","Concept"
"21 区域","ce684e86a91ce2839da02645cd0522ff2ecbfb2c8afaff1d31b417406e78d820","has_concept","Concept"
"设备 AP022","0131ee44e69860cb4634d2e17b4543a7f252587eeafa10d50753709e4eb46747","has_concept","Concept"
"设备 AP022","683eb8782b598d207e69058675ad82f8fc7a737983e06354078a67cece5b0b71","has_concept","Concept"
"设备 AP022","ff6f9ac03e8ee3ab3591bb62f998a8265979ac1242951c3dc548feeb9f035d63","has_concept","Concept"
"设备 AP022","b200bd39eacfa8f16e06852e9e89be21c4d793461bef5d78a614e4d6d89fa311","has_concept","Concept"
"设备 AP022","5a8efffff9357d2508d8ce6c534d56e9dcd58c3208c85c7acc8fbc06b9188d34","has_concept","Concept"
"AP","0131ee44e69860cb4634d2e17b4543a7f252587eeafa10d50753709e4eb46747","has_concept","Concept"
"AP","683eb8782b598d207e69058675ad82f8fc7a737983e06354078a67cece5b0b71","has_concept","Concept"
"AP","cad7e3494800c991a9c42b0270affbf37c030138b182f49bebe2aabff99d04f1","has_concept","Concept"
"AP","3f583dfa79f159dfdb9494b2378130cd9b99b2ea00284e1cc054456581122009","has_concept","Concept"
"AP","58e529fcb50aca1f6fefdb617d646db8410b2390c8346512af57e5e08e74b24f","has_concept","Concept"
"AP","b200bd39eacfa8f16e06852e9e89be21c4d793461bef5d78a614e4d6d89fa311","has_concept","Concept"
"022","0131ee44e69860cb4634d2e17b4543a7f252587eeafa10d50753709e4eb46747","has_concept","Concept"
"022","d5e223ed4f228d9fc1b8bc0d95cab00d9c7d1c11543fdd5de91f7297773ff6ba","has_concept","Concept"
"022","b5269ea2bdc3148f717f3bef2f19ce2eaa57d8d396f7d6db7cc797d71fd28df4","has_concept","Concept"
"022","906e80342a7be3a7af256118cbb3cf03bb49b9eade9d71d8b8f9b86bb43c1faa","has_concept","Concept"
"022","988d8ef2332eef9a9abdb6f3cf6c0c7baefccacb2ab0e3fa6e1a480aba317c51","has_concept","Concept"
"测点SGC.YIXING_1.10MAV21AP022YB02","bdfb29b01d75094514081f8c056e4fa4d81d6cc270901c6e9d25c3851b4cbc33","has_concept","Concept"
"测点SGC.YIXING_1.10MAV21AP022YB02","906e80342a7be3a7af256118cbb3cf03bb49b9eade9d71d8b8f9b86bb43c1faa","has_concept","Concept"
"测点SGC.YIXING_1.10MAV21AP022YB02","988d8ef2332eef9a9abdb6f3cf6c0c7baefccacb2ab0e3fa6e1a480aba317c51","has_concept","Concept"
"测点SGC.YIXING_1.10MAV21AP022YB02","34c8d0a962d3e0f128b6b72f6ef218835bbb1a51c555cc52a49aaf61f48fe841","has_concept","Concept"
"测点SGC.YIXING_1.10MAV21AP022YB02","3fc4da8bf1290f6d8df798ef242ca595781935b339b7c12b22ac10f0394f9500","has_concept","Concept"
"测点SGC.YIXING_1.10MAV21AP022YB02","cad7e3494800c991a9c42b0270affbf37c030138b182f49bebe2aabff99d04f1","has_concept","Concept"
"10MAV21AP022YB02","bedfbdd85ca69ffa07c0e7d22b87bbb22fa546828ca160cf38ac2c35092f8f03","has_concept","Concept"
"10MAV21AP022YB02","988d8ef2332eef9a9abdb6f3cf6c0c7baefccacb2ab0e3fa6e1a480aba317c51","has_concept","Concept"
"10MAV21AP022YB02","906e80342a7be3a7af256118cbb3cf03bb49b9eade9d71d8b8f9b86bb43c1faa","has_concept","Concept"
"10MAV21AP022YB02","3a05a7d5df055a0cce04e1cd0d711de992e92cf74cae89829191833ac7f46772","has_concept","Concept"
"10MAV21AP022YB02","c2373dbb191e71cfbfce15b29a74096371c0c9e8f371e5e24a331c0878a7ba48","has_concept","Concept"
"YB02","bdfb29b01d75094514081f8c056e4fa4d81d6cc270901c6e9d25c3851b4cbc33","has_concept","Concept"
"YB02","988d8ef2332eef9a9abdb6f3cf6c0c7baefccacb2ab0e3fa6e1a480aba317c51","has_concept","Concept"
"YB02","906e80342a7be3a7af256118cbb3cf03bb49b9eade9d71d8b8f9b86bb43c1faa","has_concept","Concept"
"YB02","0131ee44e69860cb4634d2e17b4543a7f252587eeafa10d50753709e4eb46747","has_concept","Concept"
"YB02","cad7e3494800c991a9c42b0270affbf37c030138b182f49bebe2aabff99d04f1","has_concept","Concept"
"SGC.YIXING_1.10MAV21AP022YB02","0131ee44e69860cb4634d2e17b4543a7f252587eeafa10d50753709e4eb46747","has_concept","Concept"
"SGC.YIXING_1.10MAV21AP022YB02","d5e223ed4f228d9fc1b8bc0d95cab00d9c7d1c11543fdd5de91f7297773ff6ba","has_concept","Concept"
"SGC.YIXING_1.10MAV21AP022YB02","9e24dcba020d5405e60243e573fa316ed6fe4c208ac4020116820f97b5d8aa3a","has_concept","Concept"
"SGC.YIXING_1.10MAV21AP022YB02","199e078d742395a0d69da011644f8270715605b07b1b351c0f6753fda5dd92f7","has_concept","Concept"
"SGC.YIXING_1.10MAV21AP022YB02","683eb8782b598d207e69058675ad82f8fc7a737983e06354078a67cece5b0b71","has_concept","Concept"
"JIANGYIN_2 电厂","4669837444831fef81d067539551c7a15ef0bcb1beea46eb880d33bbde9ced89","has_concept","Concept"
"JIANGYIN_2 电厂","0f96af10ceea0608148063b08939f7f211ebdfcacd4eabbc733385bc8217aff4","has_concept","Concept"
"JIANGYIN_2 电厂","059c81a5374baa3858a3dd43dfbd1c8566c859ae17ee07ba89bea3b41a260bc3","has_concept","Concept"
"JIANGYIN_2 电厂","c4d12602e926c505703c6d14be0dd8511f17aa9a06a970d325626c32e4a3f074","has_concept","Concept"
"JIANGYIN_2 电厂","fe388981c3b80c7625890957614ef48745816f4b927eb2240eb54e66c1c3f172","has_concept","Concept"
"12 区域","ebe15467dc4d256459361b0b137d0328dab1dec981e6c6f346c79aef9f202070","has_concept","Concept"
"12 区域","8fdf0bf951e70ab0d175bdb4279ce6137edeb8b67606cfd70ee55bdfcd351be1","has_concept","Concept"
"12 区域","ce684e86a91ce2839da02645cd0522ff2ecbfb2c8afaff1d31b417406e78d820","has_concept","Concept"
"12 区域","be1dbb72e295ec6849e57f543bd83663649ba1a4cbcb9bede363730a63275799","has_concept","Concept"
"12 区域","71fcc1b982d6a1dad4bfd18f1e426198e29d164189f6eb6a33363df7b946dba5","has_concept","Concept"
"设备 CY011","0131ee44e69860cb4634d2e17b4543a7f252587eeafa10d50753709e4eb46747","has_concept","Concept"
"设备 CY011","683eb8782b598d207e69058675ad82f8fc7a737983e06354078a67cece5b0b71","has_concept","Concept"
"设备 CY011","3f583dfa79f159dfdb9494b2378130cd9b99b2ea00284e1cc054456581122009","has_concept","Concept"
"设备 CY011","cad7e3494800c991a9c42b0270affbf37c030138b182f49bebe2aabff99d04f1","has_concept","Concept"
"设备 CY011","58e529fcb50aca1f6fefdb617d646db8410b2390c8346512af57e5e08e74b24f","has_concept","Concept"
"设备 CY011","b200bd39eacfa8f16e06852e9e89be21c4d793461bef5d78a614e4d6d89fa311","has_concept","Concept"
"CY","0131ee44e69860cb4634d2e17b4543a7f252587eeafa10d50753709e4eb46747","has_concept","Concept"
"CY","683eb8782b598d207e69058675ad82f8fc7a737983e06354078a67cece5b0b71","has_concept","Concept"
"CY","3f583dfa79f159dfdb9494b2378130cd9b99b2ea00284e1cc054456581122009","has_concept","Concept"
"CY","cad7e3494800c991a9c42b0270affbf37c030138b182f49bebe2aabff99d04f1","has_concept","Concept"
"CY","ff6f9ac03e8ee3ab3591bb62f998a8265979ac1242951c3dc548feeb9f035d63","has_concept","Concept"
"011","d5e223ed4f228d9fc1b8bc0d95cab00d9c7d1c11543fdd5de91f7297773ff6ba","has_concept","Concept"
"011","370d0cf3febd9112cf527004aff820057729f8a9bdc857b8b170bf15bf2c5fa9","has_concept","Concept"
"011","bedfbdd85ca69ffa07c0e7d22b87bbb22fa546828ca160cf38ac2c35092f8f03","has_concept","Concept"
"011","199e078d742395a0d69da011644f8270715605b07b1b351c0f6753fda5dd92f7","has_concept","Concept"
"测点SGC.JIANGYIN_2.20MAD12CY011XQ01","3fc4da8bf1290f6d8df798ef242ca595781935b339b7c12b22ac10f0394f9500","has_concept","Concept"
"测点SGC.JIANGYIN_2.20MAD12CY011XQ01","0131ee44e69860cb4634d2e17b4543a7f252587eeafa10d50753709e4eb46747","has_concept","Concept"
"测点SGC.JIANGYIN_2.20MAD12CY011XQ01","cad7e3494800c991a9c42b0270affbf37c030138b182f49bebe2aabff99d04f1","has_concept","Concept"
"测点SGC.JIANGYIN_2.20MAD12CY011XQ01","34c8d0a962d3e0f128b6b72f6ef218835bbb1a51c555cc52a49aaf61f48fe841","has_concept","Concept"
"测点SGC.JIANGYIN_2.20MAD12CY011XQ01","d6f0aae305cf2622885437c22713de7cc55162d6528b8d28d0be8d00d61ba1a5","has_concept","Concept"
"测点SGC.JIANGYIN_2.20MAD12CY011XQ01","9e20a485e8b8c3cfe9e1af3578d923f86895b4c37e4a9bda24745783b158e453","has_concept","Concept"
"20MAD12CY011XQ01","bdfb29b01d75094514081f8c056e4fa4d81d6cc270901c6e9d25c3851b4cbc33","has_concept","Concept"
"20MAD12CY011XQ01","bedfbdd85ca69ffa07c0e7d22b87bbb22fa546828ca160cf38ac2c35092f8f03","has_concept","Concept"
"20MAD12CY011XQ01","988d8ef2332eef9a9abdb6f3cf6c0c7baefccacb2ab0e3fa6e1a480aba317c51","has_concept","Concept"
"20MAD12CY011XQ01","906e80342a7be3a7af256118cbb3cf03bb49b9eade9d71d8b8f9b86bb43c1faa","has_concept","Concept"
"20MAD12CY011XQ01","5a8efffff9357d2508d8ce6c534d56e9dcd58c3208c85c7acc8fbc06b9188d34","has_concept","Concept"
"20MAD12CY011XQ01","6e6c1d128f271d595300324dee3a6659d15389d6adbbd6598e45873a91187fc1","has_concept","Concept"
"ST AX BRG S POSN","bdfb29b01d75094514081f8c056e4fa4d81d6cc270901c6e9d25c3851b4cbc33","has_concept","Concept"
"ST AX BRG S POSN","43ad502ce25b060737da47304b2c7f4ecfc8da4d67ea992e25be38f7088d4a0d","has_concept","Concept"
"ST AX BRG S POSN","1688576ba19b33e502e627ec67939a6d402d6f07839f2d66c9957ac9d9fffb83","has_concept","Concept"
"ST AX BRG S POSN","d6f0aae305cf2622885437c22713de7cc55162d6528b8d28d0be8d00d61ba1a5","has_concept","Concept"
"ST AX BRG S POSN","34c8d0a962d3e0f128b6b72f6ef218835bbb1a51c555cc52a49aaf61f48fe841","has_concept","Concept"
"ST AX BRG S POSN","3fc4da8bf1290f6d8df798ef242ca595781935b339b7c12b22ac10f0394f9500","has_concept","Concept"
"mm","929e136056157eab0209b03daf50cd4804ec96cb67c32f53625e3f483075705c","has_concept","Concept"
"mm","23197f2724fde4bfa930d5441125ce178114fa84e0f34922239c39e173148510","has_concept","Concept"
"mm","6fa628443fee0deffe5046141da75211d2cd8efdcd43d98c229a3698c191e788","has_concept","Concept"
"mm","33412397354e012a01cceff09cbc353376f8936bb1f463a5aa52cc9f44118bb1","has_concept","Concept"
"mm","1712a17ea52a2e236f5fb59eadff3ea673a18c23fbb4b37c950c4d3c1d4433fc","has_concept","Concept"
"SGC.JIANGYIN_2.20MAD12CY011XQ01","0131ee44e69860cb4634d2e17b4543a7f252587eeafa10d50753709e4eb46747","has_concept","Concept"
"SGC.JIANGYIN_2.20MAD12CY011XQ01","d5e223ed4f228d9fc1b8bc0d95cab00d9c7d1c11543fdd5de91f7297773ff6ba","has_concept","Concept"
"SGC.JIANGYIN_2.20MAD12CY011XQ01","47c26e106d31160288fda91f14e28351ffd6c2c733bc247e4da40c65cb95eb59","has_concept","Concept"
"SGC.JIANGYIN_2.20MAD12CY011XQ01","bedfbdd85ca69ffa07c0e7d22b87bbb22fa546828ca160cf38ac2c35092f8f03","has_concept","Concept"
"SGC.JIANGYIN_2.20MAD12CY011XQ01","199e078d742395a0d69da011644f8270715605b07b1b351c0f6753fda5dd92f7","has_concept","Concept"
"CJA 主系统","5a8efffff9357d2508d8ce6c534d56e9dcd58c3208c85c7acc8fbc06b9188d34","has_concept","Concept"
"CJA 主系统","0b8a4c231151d88314ffbe545d32296de97cad46e92bb2410e00904da6da9750","has_concept","Concept"
"CJA 主系统","cc8e7ecfbbc72dad83554e0e7f503fa492b016739cadd3971efdab1800e232bc","has_concept","Concept"
"CJA 主系统","90f58830f25c0f5a70b26a92d070e32ecc399e8f7bac9b7a55f1184b0df73d13","has_concept","Concept"
"CJA 主系统","3cea148491c6cfa0e83eb572819149461a13678e70ca03b03ac215ee24d1b801","has_concept","Concept"
"00 区域","ebe15467dc4d256459361b0b137d0328dab1dec981e6c6f346c79aef9f202070","has_concept","Concept"
"00 区域","ce684e86a91ce2839da02645cd0522ff2ecbfb2c8afaff1d31b417406e78d820","has_concept","Concept"
"00 区域","bedfbdd85ca69ffa07c0e7d22b87bbb22fa546828ca160cf38ac2c35092f8f03","has_concept","Concept"
"00 区域","1363a70beffbf583756c59954d3bd4dcb80cd3b026dd2a4f8a933ef3dafd0b44","has_concept","Concept"
"00 区域","5a8efffff9357d2508d8ce6c534d56e9dcd58c3208c85c7acc8fbc06b9188d34","has_concept","Concept"
"设备 DT100","0131ee44e69860cb4634d2e17b4543a7f252587eeafa10d50753709e4eb46747","has_concept","Concept"
"设备 DT100","683eb8782b598d207e69058675ad82f8fc7a737983e06354078a67cece5b0b71","has_concept","Concept"
"设备 DT100","5a8efffff9357d2508d8ce6c534d56e9dcd58c3208c85c7acc8fbc06b9188d34","has_concept","Concept"
"设备 DT100","ff6f9ac03e8ee3ab3591bb62f998a8265979ac1242951c3dc548feeb9f035d63","has_concept","Concept"
"设备 DT100","b200bd39eacfa8f16e06852e9e89be21c4d793461bef5d78a614e4d6d89fa311","has_concept","Concept"
"设备 DT100","536651c5652239160391cd3eb6f1cd6cb38aca24535dc9a03ecf57f78880adfa","has_concept","Concept"
"DT","0131ee44e69860cb4634d2e17b4543a7f252587eeafa10d50753709e4eb46747","has_concept","Concept"
"DT","2ffecbffdca5a73bd5b0f5a9db2a99ce57bc092250d35162eedd22267564447a","has_concept","Concept"
"DT","683eb8782b598d207e69058675ad82f8fc7a737983e06354078a67cece5b0b71","has_concept","Concept"
"DT","ff6f9ac03e8ee3ab3591bb62f998a8265979ac1242951c3dc548feeb9f035d63","has_concept","Concept"
"DT","5a8efffff9357d2508d8ce6c534d56e9dcd58c3208c85c7acc8fbc06b9188d34","has_concept","Concept"
"100","cea9b154565fc20f17edc9c2e259e191de17123f0d4c01aaf5baa99e2c983e13","has_concept","Concept"
"100","e33221028e26fd0c316fd6d3a0827cab37e2856601130cfb5014c614c665fe7a","has_concept","Concept"
"100","4834d4d8795d8261559457056c975ad17cc96c925198a51fd73a30dd62c21d02","has_concept","Concept"
"测点SGC.CHANGXING_1.10CJA00DT100STORE","bdfb29b01d75094514081f8c056e4fa4d81d6cc270901c6e9d25c3851b4cbc33","has_concept","Concept"
"测点SGC.CHANGXING_1.10CJA00DT100STORE","0131ee44e69860cb4634d2e17b4543a7f252587eeafa10d50753709e4eb46747","has_concept","Concept"
"测点SGC.CHANGXING_1.10CJA00DT100STORE","5a8efffff9357d2508d8ce6c534d56e9dcd58c3208c85c7acc8fbc06b9188d34","has_concept","Concept"
"测点SGC.CHANGXING_1.10CJA00DT100STORE","cad7e3494800c991a9c42b0270affbf37c030138b182f49bebe2aabff99d04f1","has_concept","Concept"
"测点SGC.CHANGXING_1.10CJA00DT100STORE","d6f0aae305cf2622885437c22713de7cc55162d6528b8d28d0be8d00d61ba1a5","has_concept","Concept"
"10CJA00DT100STORE","bdfb29b01d75094514081f8c056e4fa4d81d6cc270901c6e9d25c3851b4cbc33","has_concept","Concept"
"10CJA00DT100STORE","0131ee44e69860cb4634d2e17b4543a7f252587eeafa10d50753709e4eb46747","has_concept","Concept"
"10CJA00DT100STORE","bedfbdd85ca69ffa07c0e7d22b87bbb22fa546828ca160cf38ac2c35092f8f03","has_concept","Concept"
"10CJA00DT100STORE","906e80342a7be3a7af256118cbb3cf03bb49b9eade9d71d8b8f9b86bb43c1faa","has_concept","Concept"
"10CJA00DT100STORE","5a8efffff9357d2508d8ce6c534d56e9dcd58c3208c85c7acc8fbc06b9188d34","has_concept","Concept"
"10CJA00DT100STORE","988d8ef2332eef9a9abdb6f3cf6c0c7baefccacb2ab0e3fa6e1a480aba317c51","has_concept","Concept"
"STORE","3c6b97848c2fc09ddeb261e382e2cabcadb7a7c0c75de931a49027b056e45ad1","has_concept","Concept"
"STORE","6e526f12d2c095efa9407e0f2d86c433646106a92977f39f288472604c74698a","has_concept","Concept"
"STORE","b4fe3a03cbd82944f434696ab4dbd5aec4f7a84575c9e7a6ffad13e01e2a54bb","has_concept","Concept"
"STORE","ce684e86a91ce2839da02645cd0522ff2ecbfb2c8afaff1d31b417406e78d820","has_concept","Concept"
"STORE","93aebd0830ab55e84fa8448fd04e38ee138589c51b52f47161e3d2fad291038b","has_concept","Concept"
"STORE","5a8efffff9357d2508d8ce6c534d56e9dcd58c3208c85c7acc8fbc06b9188d34","has_concept","Concept"
"UNIT TEMP SETP GT","bdfb29b01d75094514081f8c056e4fa4d81d6cc270901c6e9d25c3851b4cbc33","has_concept","Concept"
"UNIT TEMP SETP GT","0131ee44e69860cb4634d2e17b4543a7f252587eeafa10d50753709e4eb46747","has_concept","Concept"
"UNIT TEMP SETP GT","26050859c7ec12455c5c6420d11be1a17d536c5462d723aa738611ed5b775409","has_concept","Concept"
"UNIT TEMP SETP GT","cad7e3494800c991a9c42b0270affbf37c030138b182f49bebe2aabff99d04f1","has_concept","Concept"
"UNIT TEMP SETP GT","34c8d0a962d3e0f128b6b72f6ef218835bbb1a51c555cc52a49aaf61f48fe841","has_concept","Concept"
"测点SGC.YIXING_1.10MAA50EZ621_XK94","bdfb29b01d75094514081f8c056e4fa4d81d6cc270901c6e9d25c3851b4cbc33","has_concept","Concept"
"测点SGC.YIXING_1.10MAA50EZ621_XK94","cad7e3494800c991a9c42b0270affbf37c030138b182f49bebe2aabff99d04f1","has_concept","Concept"
"测点SGC.YIXING_1.10MAA50EZ621_XK94","0131ee44e69860cb4634d2e17b4543a7f252587eeafa10d50753709e4eb46747","has_concept","Concept"
"测点SGC.YIXING_1.10MAA50EZ621_XK94","d6f0aae305cf2622885437c22713de7cc55162d6528b8d28d0be8d00d61ba1a5","has_concept","Concept"
"测点SGC.YIXING_1.10MAA50EZ621_XK94","3fc4da8bf1290f6d8df798ef242ca595781935b339b7c12b22ac10f0394f9500","has_concept","Concept"
"_XK94","988d8ef2332eef9a9abdb6f3cf6c0c7baefccacb2ab0e3fa6e1a480aba317c51","has_concept","Concept"
"_XK94","906e80342a7be3a7af256118cbb3cf03bb49b9eade9d71d8b8f9b86bb43c1faa","has_concept","Concept"
"_XK94","bdfb29b01d75094514081f8c056e4fa4d81d6cc270901c6e9d25c3851b4cbc33","has_concept","Concept"
"_XK94","6e526f12d2c095efa9407e0f2d86c433646106a92977f39f288472604c74698a","has_concept","Concept"
"_XK94","c8b5a49761e908a6eb0c74046248a6c1cd4d9465d73a51e75ceabd56af6422a2","has_concept","Concept"
"_XK94","bedfbdd85ca69ffa07c0e7d22b87bbb22fa546828ca160cf38ac2c35092f8f03","has_concept","Concept"
"EZ621","0131ee44e69860cb4634d2e17b4543a7f252587eeafa10d50753709e4eb46747","has_concept","Concept"
"EZ621","bdfb29b01d75094514081f8c056e4fa4d81d6cc270901c6e9d25c3851b4cbc33","has_concept","Concept"
"EZ621","cad7e3494800c991a9c42b0270affbf37c030138b182f49bebe2aabff99d04f1","has_concept","Concept"
"EZ621","3fc4da8bf1290f6d8df798ef242ca595781935b339b7c12b22ac10f0394f9500","has_concept","Concept"
"EZ621","683eb8782b598d207e69058675ad82f8fc7a737983e06354078a67cece5b0b71","has_concept","Concept"
"EZ","0131ee44e69860cb4634d2e17b4543a7f252587eeafa10d50753709e4eb46747","has_concept","Concept"
"EZ","2ffecbffdca5a73bd5b0f5a9db2a99ce57bc092250d35162eedd22267564447a","has_concept","Concept"
"EZ","536651c5652239160391cd3eb6f1cd6cb38aca24535dc9a03ecf57f78880adfa","has_concept","Concept"
"EZ","ff6f9ac03e8ee3ab3591bb62f998a8265979ac1242951c3dc548feeb9f035d63","has_concept","Concept"
"EZ","fec1973db526d9591491f576322767b7cd72533025a86bee1f6a39ab309451af","has_concept","Concept"
"621","b5269ea2bdc3148f717f3bef2f19ce2eaa57d8d396f7d6db7cc797d71fd28df4","has_concept","Concept"
"621","d5e223ed4f228d9fc1b8bc0d95cab00d9c7d1c11543fdd5de91f7297773ff6ba","has_concept","Concept"
"621","370d0cf3febd9112cf527004aff820057729f8a9bdc857b8b170bf15bf2c5fa9","has_concept","Concept"
"621","988d8ef2332eef9a9abdb6f3cf6c0c7baefccacb2ab0e3fa6e1a480aba317c51","has_concept","Concept"
"621","eeb75f36302d44e6dc2e48f75cb67f61d0b1f34b877c18ad6b0056537a344d31","has_concept","Concept"
"50 区域","ebe15467dc4d256459361b0b137d0328dab1dec981e6c6f346c79aef9f202070","has_concept","Concept"
"50 区域","9e3a366ca500d953bb8472dabe0176d6bc8d67755de7656a73df46ddcf16539e","has_concept","Concept"
"50 区域","bdfb29b01d75094514081f8c056e4fa4d81d6cc270901c6e9d25c3851b4cbc33","has_concept","Concept"
"50 区域","ce684e86a91ce2839da02645cd0522ff2ecbfb2c8afaff1d31b417406e78d820","has_concept","Concept"
"50 区域","bedfbdd85ca69ffa07c0e7d22b87bbb22fa546828ca160cf38ac2c35092f8f03","has_concept","Concept"
"50 区域","be1dbb72e295ec6849e57f543bd83663649ba1a4cbcb9bede363730a63275799","has_concept","Concept"
"MAA 主系统","5a8efffff9357d2508d8ce6c534d56e9dcd58c3208c85c7acc8fbc06b9188d34","has_concept","Concept"
"MAA 主系统","b4613a07ee8e59611cb04f9460fc142737d8019262778684e38145532225a8ee","has_concept","Concept"
"MAA 主系统","cc8e7ecfbbc72dad83554e0e7f503fa492b016739cadd3971efdab1800e232bc","has_concept","Concept"
"MAA 主系统","0131ee44e69860cb4634d2e17b4543a7f252587eeafa10d50753709e4eb46747","has_concept","Concept"
"MAA 主系统","90f58830f25c0f5a70b26a92d070e32ecc399e8f7bac9b7a55f1184b0df73d13","has_concept","Concept"
"MAA 主系统","122f448305427a68220735c21f77741ddecc12a9eb9ef37a6e2471783ea726e6","has_concept","Concept"
"67. SIHUI_2 电厂","4669837444831fef81d067539551c7a15ef0bcb1beea46eb880d33bbde9ced89","has_concept","Concept"
"67. SIHUI_2 电厂","3cea148491c6cfa0e83eb572819149461a13678e70ca03b03ac215ee24d1b801","has_concept","Concept"
"67. SIHUI_2 电厂","c4d12602e926c505703c6d14be0dd8511f17aa9a06a970d325626c32e4a3f074","has_concept","Concept"
"67. SIHUI_2 电厂","d54625a00de51f797b4ef07b6f11fa2eb7e8727b0795afe01bd8d5bf2179fc0d","has_concept","Concept"
"67. SIHUI_2 电厂","fe388981c3b80c7625890957614ef48745816f4b927eb2240eb54e66c1c3f172","has_concept","Concept"
"MBA 主系统","5a8efffff9357d2508d8ce6c534d56e9dcd58c3208c85c7acc8fbc06b9188d34","has_concept","Concept"
"MBA 主系统","0b8a4c231151d88314ffbe545d32296de97cad46e92bb2410e00904da6da9750","has_concept","Concept"
"MBA 主系统","cc8e7ecfbbc72dad83554e0e7f503fa492b016739cadd3971efdab1800e232bc","has_concept","Concept"
"MBA 主系统","90f58830f25c0f5a70b26a92d070e32ecc399e8f7bac9b7a55f1184b0df73d13","has_concept","Concept"
"MBA 主系统","afbbf4292b84070f5a7942964b3dcbb5d73ce6c738aa7d1a73db129b63862d55","has_concept","Concept"
"26 区域","ebe15467dc4d256459361b0b137d0328dab1dec981e6c6f346c79aef9f202070","has_concept","Concept"
"26 区域","e89a5b8e58b2921f8ced24f5fa404473972b9fb8316167b62787746d2e169d72","has_concept","Concept"
"26 区域","5a8efffff9357d2508d8ce6c534d56e9dcd58c3208c85c7acc8fbc06b9188d34","has_concept","Concept"
"26 区域","1363a70beffbf583756c59954d3bd4dcb80cd3b026dd2a4f8a933ef3dafd0b44","has_concept","Concept"
"26 区域","198eccbb7ba4e00876ce3cb8ab0f98ac7606a70556f7ff8cb9800ba32a4a9a66","has_concept","Concept"
"设备 CT108","0131ee44e69860cb4634d2e17b4543a7f252587eeafa10d50753709e4eb46747","has_concept","Concept"
"设备 CT108","d5e223ed4f228d9fc1b8bc0d95cab00d9c7d1c11543fdd5de91f7297773ff6ba","has_concept","Concept"
"设备 CT108","683eb8782b598d207e69058675ad82f8fc7a737983e06354078a67cece5b0b71","has_concept","Concept"
"设备 CT108","ff6f9ac03e8ee3ab3591bb62f998a8265979ac1242951c3dc548feeb9f035d63","has_concept","Concept"
"设备 CT108","b200bd39eacfa8f16e06852e9e89be21c4d793461bef5d78a614e4d6d89fa311","has_concept","Concept"
"108","cea9b154565fc20f17edc9c2e259e191de17123f0d4c01aaf5baa99e2c983e13","has_concept","Concept"
"108","b5269ea2bdc3148f717f3bef2f19ce2eaa57d8d396f7d6db7cc797d71fd28df4","has_concept","Concept"
"108","d5e223ed4f228d9fc1b8bc0d95cab00d9c7d1c11543fdd5de91f7297773ff6ba","has_concept","Concept"
"108","988d8ef2332eef9a9abdb6f3cf6c0c7baefccacb2ab0e3fa6e1a480aba317c51","has_concept","Concept"
"108","906e80342a7be3a7af256118cbb3cf03bb49b9eade9d71d8b8f9b86bb43c1faa","has_concept","Concept"
"测点SGC.SIHUI_2.20MBA26CT108AXQ01","bdfb29b01d75094514081f8c056e4fa4d81d6cc270901c6e9d25c3851b4cbc33","has_concept","Concept"
"测点SGC.SIHUI_2.20MBA26CT108AXQ01","3fc4da8bf1290f6d8df798ef242ca595781935b339b7c12b22ac10f0394f9500","has_concept","Concept"
"测点SGC.SIHUI_2.20MBA26CT108AXQ01","34c8d0a962d3e0f128b6b72f6ef218835bbb1a51c555cc52a49aaf61f48fe841","has_concept","Concept"
"测点SGC.SIHUI_2.20MBA26CT108AXQ01","cad7e3494800c991a9c42b0270affbf37c030138b182f49bebe2aabff99d04f1","has_concept","Concept"
"测点SGC.SIHUI_2.20MBA26CT108AXQ01","6ada8ba68ec0fdb5f4e383d4ff042065bc0ebcd5d0f7bfc75149ad64c5f5cab6","has_concept","Concept"
"20MBA26CT108AXQ01","bedfbdd85ca69ffa07c0e7d22b87bbb22fa546828ca160cf38ac2c35092f8f03","has_concept","Concept"
"20MBA26CT108AXQ01","988d8ef2332eef9a9abdb6f3cf6c0c7baefccacb2ab0e3fa6e1a480aba317c51","has_concept","Concept"
"20MBA26CT108AXQ01","199e078d742395a0d69da011644f8270715605b07b1b351c0f6753fda5dd92f7","has_concept","Concept"
"20MBA26CT108AXQ01","eeb75f36302d44e6dc2e48f75cb67f61d0b1f34b877c18ad6b0056537a344d31","has_concept","Concept"
"20MBA26CT108AXQ01","b429d1b7ad5dbb45e38c755332ad1bef980bd2faa3717db6f6177c642932d8bb","has_concept","Concept"
"AXQ01","bdfb29b01d75094514081f8c056e4fa4d81d6cc270901c6e9d25c3851b4cbc33","has_concept","Concept"
"AXQ01","988d8ef2332eef9a9abdb6f3cf6c0c7baefccacb2ab0e3fa6e1a480aba317c51","has_concept","Concept"
"AXQ01","906e80342a7be3a7af256118cbb3cf03bb49b9eade9d71d8b8f9b86bb43c1faa","has_concept","Concept"
"AXQ01","0131ee44e69860cb4634d2e17b4543a7f252587eeafa10d50753709e4eb46747","has_concept","Concept"
"AXQ01","cad7e3494800c991a9c42b0270affbf37c030138b182f49bebe2aabff99d04f1","has_concept","Concept"
"AXQ01","34c8d0a962d3e0f128b6b72f6ef218835bbb1a51c555cc52a49aaf61f48fe841","has_concept","Concept"
"TURBINE EXHAUST GAS TEMP A 8","4055a44ca7e334afa2f79fabf4cc7bbd08f61ece080c7515be6486e9148823d3","has_concept","Concept"
"TURBINE EXHAUST GAS TEMP A 8","bdfb29b01d75094514081f8c056e4fa4d81d6cc270901c6e9d25c3851b4cbc33","has_concept","Concept"
"TURBINE EXHAUST GAS TEMP A 8","26050859c7ec12455c5c6420d11be1a17d536c5462d723aa738611ed5b775409","has_concept","Concept"
"TURBINE EXHAUST GAS TEMP A 8","cad7e3494800c991a9c42b0270affbf37c030138b182f49bebe2aabff99d04f1","has_concept","Concept"
"TURBINE EXHAUST GAS TEMP A 8","6e526f12d2c095efa9407e0f2d86c433646106a92977f39f288472604c74698a","has_concept","Concept"
"TURBINE EXHAUST GAS TEMP A 8","d08100cba73f9231d677aef35a168429eb9aed33a62169444b6c706d5bed13dc","has_concept","Concept"
"°","9387728d8d65473ce1ea79f985b07c22c2f604e9c99d01b9fb6c81bca9567313","has_concept","Concept"
"°","23197f2724fde4bfa930d5441125ce178114fa84e0f34922239c39e173148510","has_concept","Concept"
"°","6512b0308e183e8cd0464cc5e517fdffb5cb4f5e150dfb8f349cea09503d68ff","has_concept","Concept"
"CT108","bdfb29b01d75094514081f8c056e4fa4d81d6cc270901c6e9d25c3851b4cbc33","has_concept","Concept"
"CT108","0131ee44e69860cb4634d2e17b4543a7f252587eeafa10d50753709e4eb46747","has_concept","Concept"
"CT108","3fc4da8bf1290f6d8df798ef242ca595781935b339b7c12b22ac10f0394f9500","has_concept","Concept"
"CT108","cad7e3494800c991a9c42b0270affbf37c030138b182f49bebe2aabff99d04f1","has_concept","Concept"
"CT108","34c8d0a962d3e0f128b6b72f6ef218835bbb1a51c555cc52a49aaf61f48fe841","has_concept","Concept"
"SIHUI_2 电厂","4669837444831fef81d067539551c7a15ef0bcb1beea46eb880d33bbde9ced89","has_concept","Concept"
"SIHUI_2 电厂","14958a9c6cbfcf3d1265f543b361ea3781742bc8d12b83449b43bd51cee5675b","has_concept","Concept"
"SIHUI_2 电厂","2b2e682b5a16de7f07b91908d26517ea0c5e63340cb20f34d89bf0e490a9584b","has_concept","Concept"
"SIHUI_2 电厂","65c57433148900a71cb2f6061d6ce09592e996704906acd79d3119f523e850a5","has_concept","Concept"
"SIHUI_2 电厂","d54625a00de51f797b4ef07b6f11fa2eb7e8727b0795afe01bd8d5bf2179fc0d","has_concept","Concept"
"68. GANLU_1 电厂","4669837444831fef81d067539551c7a15ef0bcb1beea46eb880d33bbde9ced89","has_concept","Concept"
"68. GANLU_1 电厂","0f96af10ceea0608148063b08939f7f211ebdfcacd4eabbc733385bc8217aff4","has_concept","Concept"
"68. GANLU_1 电厂","0302151e67676ac983132e980b7f86169cc2d1a8f4c21d4cba0df42789c4c0c4","has_concept","Concept"
"68. GANLU_1 电厂","c4d12602e926c505703c6d14be0dd8511f17aa9a06a970d325626c32e4a3f074","has_concept","Concept"
"68. GANLU_1 电厂","059c81a5374baa3858a3dd43dfbd1c8566c859ae17ee07ba89bea3b41a260bc3","has_concept","Concept"
"设备 AA102","0131ee44e69860cb4634d2e17b4543a7f252587eeafa10d50753709e4eb46747","has_concept","Concept"
"设备 AA102","683eb8782b598d207e69058675ad82f8fc7a737983e06354078a67cece5b0b71","has_concept","Concept"
"设备 AA102","5a8efffff9357d2508d8ce6c534d56e9dcd58c3208c85c7acc8fbc06b9188d34","has_concept","Concept"
"设备 AA102","ff6f9ac03e8ee3ab3591bb62f998a8265979ac1242951c3dc548feeb9f035d63","has_concept","Concept"
"设备 AA102","b200bd39eacfa8f16e06852e9e89be21c4d793461bef5d78a614e4d6d89fa311","has_concept","Concept"
"测点SGC.GANLU_1.10MBH22AA102XC91","bdfb29b01d75094514081f8c056e4fa4d81d6cc270901c6e9d25c3851b4cbc33","has_concept","Concept"
"测点SGC.GANLU_1.10MBH22AA102XC91","cad7e3494800c991a9c42b0270affbf37c030138b182f49bebe2aabff99d04f1","has_concept","Concept"
"测点SGC.GANLU_1.10MBH22AA102XC91","0131ee44e69860cb4634d2e17b4543a7f252587eeafa10d50753709e4eb46747","has_concept","Concept"
"测点SGC.GANLU_1.10MBH22AA102XC91","d6f0aae305cf2622885437c22713de7cc55162d6528b8d28d0be8d00d61ba1a5","has_concept","Concept"
"测点SGC.GANLU_1.10MBH22AA102XC91","34c8d0a962d3e0f128b6b72f6ef218835bbb1a51c555cc52a49aaf61f48fe841","has_concept","Concept"
"10MBH22AA102XC91","bedfbdd85ca69ffa07c0e7d22b87bbb22fa546828ca160cf38ac2c35092f8f03","has_concept","Concept"
"10MBH22AA102XC91","988d8ef2332eef9a9abdb6f3cf6c0c7baefccacb2ab0e3fa6e1a480aba317c51","has_concept","Concept"
"10MBH22AA102XC91","906e80342a7be3a7af256118cbb3cf03bb49b9eade9d71d8b8f9b86bb43c1faa","has_concept","Concept"
"10MBH22AA102XC91","2431d6017a8c0f3f04ae910879d325512fe67da765fae6a4fbe0585b3f4e3684","has_concept","Concept"
"10MBH22AA102XC91","9edc04a7a2294e6df2dfbdded6df59d1eb301c7d007284114cc5bdc4e9004bd6","has_concept","Concept"
"XC91","bdfb29b01d75094514081f8c056e4fa4d81d6cc270901c6e9d25c3851b4cbc33","has_concept","Concept"
"XC91","988d8ef2332eef9a9abdb6f3cf6c0c7baefccacb2ab0e3fa6e1a480aba317c51","has_concept","Concept"
"XC91","906e80342a7be3a7af256118cbb3cf03bb49b9eade9d71d8b8f9b86bb43c1faa","has_concept","Concept"
"XC91","0131ee44e69860cb4634d2e17b4543a7f252587eeafa10d50753709e4eb46747","has_concept","Concept"
"XC91","cad7e3494800c991a9c42b0270affbf37c030138b182f49bebe2aabff99d04f1","has_concept","Concept"
"XC91","5a8efffff9357d2508d8ce6c534d56e9dcd58c3208c85c7acc8fbc06b9188d34","has_concept","Concept"
"COOL. AIR FLAP 2 STAGE 2 CONTROL","cc8e7ecfbbc72dad83554e0e7f503fa492b016739cadd3971efdab1800e232bc","has_concept","Concept"
"COOL. AIR FLAP 2 STAGE 2 CONTROL","5a8efffff9357d2508d8ce6c534d56e9dcd58c3208c85c7acc8fbc06b9188d34","has_concept","Concept"
"COOL. AIR FLAP 2 STAGE 2 CONTROL","90f58830f25c0f5a70b26a92d070e32ecc399e8f7bac9b7a55f1184b0df73d13","has_concept","Concept"
"COOL. AIR FLAP 2 STAGE 2 CONTROL","b200bd39eacfa8f16e06852e9e89be21c4d793461bef5d78a614e4d6d89fa311","has_concept","Concept"
"COOL. AIR FLAP 2 STAGE 2 CONTROL","3056207573ccd11960f6c6b4d709967b8dcc018b9ebf56cd1c273bf960e9f543","has_concept","Concept"
"AA102","bdfb29b01d75094514081f8c056e4fa4d81d6cc270901c6e9d25c3851b4cbc33","has_concept","Concept"
"AA102","3fc4da8bf1290f6d8df798ef242ca595781935b339b7c12b22ac10f0394f9500","has_concept","Concept"
"AA102","2962047af0030f9a6ac1c8ef3903b32d4c686668c8f2230c4a8ea7495b0a28f2","has_concept","Concept"
"AA102","34c8d0a962d3e0f128b6b72f6ef218835bbb1a51c555cc52a49aaf61f48fe841","has_concept","Concept"
"AA102","cad7e3494800c991a9c42b0270affbf37c030138b182f49bebe2aabff99d04f1","has_concept","Concept"
"AA102","d6f0aae305cf2622885437c22713de7cc55162d6528b8d28d0be8d00d61ba1a5","has_concept","Concept"
"GANLU_1 电厂","4669837444831fef81d067539551c7a15ef0bcb1beea46eb880d33bbde9ced89","has_concept","Concept"
"GANLU_1 电厂","14958a9c6cbfcf3d1265f543b361ea3781742bc8d12b83449b43bd51cee5675b","has_concept","Concept"
"GANLU_1 电厂","2b2e682b5a16de7f07b91908d26517ea0c5e63340cb20f34d89bf0e490a9584b","has_concept","Concept"
"GANLU_1 电厂","c4d12602e926c505703c6d14be0dd8511f17aa9a06a970d325626c32e4a3f074","has_concept","Concept"
"GANLU_1 电厂","059c81a5374baa3858a3dd43dfbd1c8566c859ae17ee07ba89bea3b41a260bc3","has_concept","Concept"
"GANLU_1 电厂","0f96af10ceea0608148063b08939f7f211ebdfcacd4eabbc733385bc8217aff4","has_concept","Concept"
"69. FENGQUAN_1 电厂","4669837444831fef81d067539551c7a15ef0bcb1beea46eb880d33bbde9ced89","has_concept","Concept"
"69. FENGQUAN_1 电厂","0f96af10ceea0608148063b08939f7f211ebdfcacd4eabbc733385bc8217aff4","has_concept","Concept"
"69. FENGQUAN_1 电厂","059c81a5374baa3858a3dd43dfbd1c8566c859ae17ee07ba89bea3b41a260bc3","has_concept","Concept"
"69. FENGQUAN_1 电厂","c4d12602e926c505703c6d14be0dd8511f17aa9a06a970d325626c32e4a3f074","has_concept","Concept"
"设备 AH001","0131ee44e69860cb4634d2e17b4543a7f252587eeafa10d50753709e4eb46747","has_concept","Concept"
"设备 AH001","683eb8782b598d207e69058675ad82f8fc7a737983e06354078a67cece5b0b71","has_concept","Concept"
"设备 AH001","58e529fcb50aca1f6fefdb617d646db8410b2390c8346512af57e5e08e74b24f","has_concept","Concept"
"设备 AH001","b200bd39eacfa8f16e06852e9e89be21c4d793461bef5d78a614e4d6d89fa311","has_concept","Concept"
"设备 AH001","536651c5652239160391cd3eb6f1cd6cb38aca24535dc9a03ecf57f78880adfa","has_concept","Concept"
"AH","0131ee44e69860cb4634d2e17b4543a7f252587eeafa10d50753709e4eb46747","has_concept","Concept"
"AH","2ffecbffdca5a73bd5b0f5a9db2a99ce57bc092250d35162eedd22267564447a","has_concept","Concept"
"AH","906e80342a7be3a7af256118cbb3cf03bb49b9eade9d71d8b8f9b86bb43c1faa","has_concept","Concept"
"AH","b5269ea2bdc3148f717f3bef2f19ce2eaa57d8d396f7d6db7cc797d71fd28df4","has_concept","Concept"
"AH","5a8efffff9357d2508d8ce6c534d56e9dcd58c3208c85c7acc8fbc06b9188d34","has_concept","Concept"
"AH","6e6c1d128f271d595300324dee3a6659d15389d6adbbd6598e45873a91187fc1","has_concept","Concept"
"测点SGC.FENGQUAN_1.10MBV10AH001ZV60","bdfb29b01d75094514081f8c056e4fa4d81d6cc270901c6e9d25c3851b4cbc33","has_concept","Concept"
"测点SGC.FENGQUAN_1.10MBV10AH001ZV60","cad7e3494800c991a9c42b0270affbf37c030138b182f49bebe2aabff99d04f1","has_concept","Concept"
"测点SGC.FENGQUAN_1.10MBV10AH001ZV60","34c8d0a962d3e0f128b6b72f6ef218835bbb1a51c555cc52a49aaf61f48fe841","has_concept","Concept"
"测点SGC.FENGQUAN_1.10MBV10AH001ZV60","3fc4da8bf1290f6d8df798ef242ca595781935b339b7c12b22ac10f0394f9500","has_concept","Concept"
"测点SGC.FENGQUAN_1.10MBV10AH001ZV60","0131ee44e69860cb4634d2e17b4543a7f252587eeafa10d50753709e4eb46747","has_concept","Concept"
"测点SGC.FENGQUAN_1.10MBV10AH001ZV60","4669837444831fef81d067539551c7a15ef0bcb1beea46eb880d33bbde9ced89","has_concept","Concept"
"测点SGC.FENGQUAN_1.10MBV10AH001ZV60","d4c556bdeb472fe777ebade126f28afb7d34e8f09da9ac22c1ea274d35dedcaa","has_concept","Concept"
"10MBV10AH001ZV60","0131ee44e69860cb4634d2e17b4543a7f252587eeafa10d50753709e4eb46747","has_concept","Concept"
"10MBV10AH001ZV60","bedfbdd85ca69ffa07c0e7d22b87bbb22fa546828ca160cf38ac2c35092f8f03","has_concept","Concept"
"10MBV10AH001ZV60","bdfb29b01d75094514081f8c056e4fa4d81d6cc270901c6e9d25c3851b4cbc33","has_concept","Concept"
"10MBV10AH001ZV60","cad7e3494800c991a9c42b0270affbf37c030138b182f49bebe2aabff99d04f1","has_concept","Concept"
"10MBV10AH001ZV60","5a8efffff9357d2508d8ce6c534d56e9dcd58c3208c85c7acc8fbc06b9188d34","has_concept","Concept"
"10MBV10AH001ZV60","906e80342a7be3a7af256118cbb3cf03bb49b9eade9d71d8b8f9b86bb43c1faa","has_concept","Concept"
"ZV60","0131ee44e69860cb4634d2e17b4543a7f252587eeafa10d50753709e4eb46747","has_concept","Concept"
"ZV60","683eb8782b598d207e69058675ad82f8fc7a737983e06354078a67cece5b0b71","has_concept","Concept"
"ZV60","bdfb29b01d75094514081f8c056e4fa4d81d6cc270901c6e9d25c3851b4cbc33","has_concept","Concept"
"ZV60","cad7e3494800c991a9c42b0270affbf37c030138b182f49bebe2aabff99d04f1","has_concept","Concept"
"ZV60","5a8efffff9357d2508d8ce6c534d56e9dcd58c3208c85c7acc8fbc06b9188d34","has_concept","Concept"
"ZV60","988d8ef2332eef9a9abdb6f3cf6c0c7baefccacb2ab0e3fa6e1a480aba317c51","has_concept","Concept"
"LUBE OIL HEATER TRIP","0131ee44e69860cb4634d2e17b4543a7f252587eeafa10d50753709e4eb46747","has_concept","Concept"
"LUBE OIL HEATER TRIP","cad7e3494800c991a9c42b0270affbf37c030138b182f49bebe2aabff99d04f1","has_concept","Concept"
"LUBE OIL HEATER TRIP","5da97d9460c2516f0d0c51f0c5bb7d84f7f122d74154ead61696706325a518f8","has_concept","Concept"
"LUBE OIL HEATER TRIP","3fc4da8bf1290f6d8df798ef242ca595781935b339b7c12b22ac10f0394f9500","has_concept","Concept"
"LUBE OIL HEATER TRIP","f6db313beaaaece6be5cfc86be496e6f3a5cf4938481447a698e869bec1dbd02","has_concept","Concept"
"AH001","bdfb29b01d75094514081f8c056e4fa4d81d6cc270901c6e9d25c3851b4cbc33","has_concept","Concept"
"AH001","0131ee44e69860cb4634d2e17b4543a7f252587eeafa10d50753709e4eb46747","has_concept","Concept"
"AH001","3fc4da8bf1290f6d8df798ef242ca595781935b339b7c12b22ac10f0394f9500","has_concept","Concept"
"AH001","cad7e3494800c991a9c42b0270affbf37c030138b182f49bebe2aabff99d04f1","has_concept","Concept"
"AH001","34c8d0a962d3e0f128b6b72f6ef218835bbb1a51c555cc52a49aaf61f48fe841","has_concept","Concept"
"FENGQUAN_1 电厂","4669837444831fef81d067539551c7a15ef0bcb1beea46eb880d33bbde9ced89","has_concept","Concept"
"FENGQUAN_1 电厂","0302151e67676ac983132e980b7f86169cc2d1a8f4c21d4cba0df42789c4c0c4","has_concept","Concept"
"FENGQUAN_1 电厂","059c81a5374baa3858a3dd43dfbd1c8566c859ae17ee07ba89bea3b41a260bc3","has_concept","Concept"
"FENGQUAN_1 电厂","dc11db10a573f256b62f2ea4f8b32b44c9ce10932ac796a29bb79a893325b348","has_concept","Concept"
"FENGQUAN_1 电厂","0131ee44e69860cb4634d2e17b4543a7f252587eeafa10d50753709e4eb46747","has_concept","Concept"
"FENGQUAN_1 电厂","0f96af10ceea0608148063b08939f7f211ebdfcacd4eabbc733385bc8217aff4","has_concept","Concept"
"设备 EZ245","0131ee44e69860cb4634d2e17b4543a7f252587eeafa10d50753709e4eb46747","has_concept","Concept"
"设备 EZ245","683eb8782b598d207e69058675ad82f8fc7a737983e06354078a67cece5b0b71","has_concept","Concept"
"设备 EZ245","5a8efffff9357d2508d8ce6c534d56e9dcd58c3208c85c7acc8fbc06b9188d34","has_concept","Concept"
"设备 EZ245","b200bd39eacfa8f16e06852e9e89be21c4d793461bef5d78a614e4d6d89fa311","has_concept","Concept"
"设备 EZ245","ff6f9ac03e8ee3ab3591bb62f998a8265979ac1242951c3dc548feeb9f035d63","has_concept","Concept"
"245","cea9b154565fc20f17edc9c2e259e191de17123f0d4c01aaf5baa99e2c983e13","has_concept","Concept"
"245","b5269ea2bdc3148f717f3bef2f19ce2eaa57d8d396f7d6db7cc797d71fd28df4","has_concept","Concept"
"245","d5e223ed4f228d9fc1b8bc0d95cab00d9c7d1c11543fdd5de91f7297773ff6ba","has_concept","Concept"
"测点SGC.FENGQUAN_2.20MKY01EZ245XB01","bdfb29b01d75094514081f8c056e4fa4d81d6cc270901c6e9d25c3851b4cbc33","has_concept","Concept"
"测点SGC.FENGQUAN_2.20MKY01EZ245XB01","0131ee44e69860cb4634d2e17b4543a7f252587eeafa10d50753709e4eb46747","has_concept","Concept"
"测点SGC.FENGQUAN_2.20MKY01EZ245XB01","988d8ef2332eef9a9abdb6f3cf6c0c7baefccacb2ab0e3fa6e1a480aba317c51","has_concept","Concept"
"测点SGC.FENGQUAN_2.20MKY01EZ245XB01","906e80342a7be3a7af256118cbb3cf03bb49b9eade9d71d8b8f9b86bb43c1faa","has_concept","Concept"
"测点SGC.FENGQUAN_2.20MKY01EZ245XB01","5a8efffff9357d2508d8ce6c534d56e9dcd58c3208c85c7acc8fbc06b9188d34","has_concept","Concept"
"测点SGC.FENGQUAN_2.20MKY01EZ245XB01","cad7e3494800c991a9c42b0270affbf37c030138b182f49bebe2aabff99d04f1","has_concept","Concept"
"20MKY01EZ245XB01","bedfbdd85ca69ffa07c0e7d22b87bbb22fa546828ca160cf38ac2c35092f8f03","has_concept","Concept"
"20MKY01EZ245XB01","988d8ef2332eef9a9abdb6f3cf6c0c7baefccacb2ab0e3fa6e1a480aba317c51","has_concept","Concept"
"20MKY01EZ245XB01","906e80342a7be3a7af256118cbb3cf03bb49b9eade9d71d8b8f9b86bb43c1faa","has_concept","Concept"
"20MKY01EZ245XB01","b429d1b7ad5dbb45e38c755332ad1bef980bd2faa3717db6f6177c642932d8bb","has_concept","Concept"
"20MKY01EZ245XB01","b7005c2caed40dab4748bab400dad0456935547901ffcaee2e7662d183b80f19","has_concept","Concept"
"XB01","bdfb29b01d75094514081f8c056e4fa4d81d6cc270901c6e9d25c3851b4cbc33","has_concept","Concept"
"XB01","988d8ef2332eef9a9abdb6f3cf6c0c7baefccacb2ab0e3fa6e1a480aba317c51","has_concept","Concept"
"XB01","906e80342a7be3a7af256118cbb3cf03bb49b9eade9d71d8b8f9b86bb43c1faa","has_concept","Concept"
"XB01","0131ee44e69860cb4634d2e17b4543a7f252587eeafa10d50753709e4eb46747","has_concept","Concept"
"XB01","34c8d0a962d3e0f128b6b72f6ef218835bbb1a51c555cc52a49aaf61f48fe841","has_concept","Concept"
"GEN. GCB FAILURE PROTECTION CH.B","24e93b36e3298d3a6dd88091dbdf8f8ef184e073294a2e68fa152566e97dd6aa","has_concept","Concept"
"GEN. GCB FAILURE PROTECTION CH.B","28fdffbc0dad85ed931fa34102cf326d53207c2819108597b153c02155373fc1","has_concept","Concept"
"GEN. GCB FAILURE PROTECTION CH.B","90f58830f25c0f5a70b26a92d070e32ecc399e8f7bac9b7a55f1184b0df73d13","has_concept","Concept"
"GEN. GCB FAILURE PROTECTION CH.B","cad7e3494800c991a9c42b0270affbf37c030138b182f49bebe2aabff99d04f1","has_concept","Concept"
"GEN. GCB FAILURE PROTECTION CH.B","0131ee44e69860cb4634d2e17b4543a7f252587eeafa10d50753709e4eb46747","has_concept","Concept"
"GEN. GCB FAILURE PROTECTION CH.B","5a8efffff9357d2508d8ce6c534d56e9dcd58c3208c85c7acc8fbc06b9188d34","has_concept","Concept"
"SGC.FENGQUAN_2.20MKY01EZ245XB01","0131ee44e69860cb4634d2e17b4543a7f252587eeafa10d50753709e4eb46747","has_concept","Concept"
"SGC.FENGQUAN_2.20MKY01EZ245XB01","d5e223ed4f228d9fc1b8bc0d95cab00d9c7d1c11543fdd5de91f7297773ff6ba","has_concept","Concept"
"SGC.FENGQUAN_2.20MKY01EZ245XB01","47c26e106d31160288fda91f14e28351ffd6c2c733bc247e4da40c65cb95eb59","has_concept","Concept"
"SGC.FENGQUAN_2.20MKY01EZ245XB01","683eb8782b598d207e69058675ad82f8fc7a737983e06354078a67cece5b0b71","has_concept","Concept"
"SGC.FENGQUAN_2.20MKY01EZ245XB01","bedfbdd85ca69ffa07c0e7d22b87bbb22fa546828ca160cf38ac2c35092f8f03","has_concept","Concept"
"SGC.FENGQUAN_2.20MKY01EZ245XB01","199e078d742395a0d69da011644f8270715605b07b1b351c0f6753fda5dd92f7","has_concept","Concept"
"FENGQUAN_2 电厂","4669837444831fef81d067539551c7a15ef0bcb1beea46eb880d33bbde9ced89","has_concept","Concept"
"FENGQUAN_2 电厂","d54625a00de51f797b4ef07b6f11fa2eb7e8727b0795afe01bd8d5bf2179fc0d","has_concept","Concept"
"FENGQUAN_2 电厂","c4d12602e926c505703c6d14be0dd8511f17aa9a06a970d325626c32e4a3f074","has_concept","Concept"
"FENGQUAN_2 电厂","fe388981c3b80c7625890957614ef48745816f4b927eb2240eb54e66c1c3f172","has_concept","Concept"
"FENGQUAN_2 电厂","ea0c050795ec82f5d8aad3c51e7ed9b7b59306feb339d7eadcded4f7d009f945","has_concept","Concept"
"MKY 主系统","5a8efffff9357d2508d8ce6c534d56e9dcd58c3208c85c7acc8fbc06b9188d34","has_concept","Concept"
"MKY 主系统","0b8a4c231151d88314ffbe545d32296de97cad46e92bb2410e00904da6da9750","has_concept","Concept"
"MKY 主系统","27996d500dbb4515997200797f40fbecb20962873f9ca2ee38bb5f6e4a5bf4ac","has_concept","Concept"
"MKY 主系统","90f58830f25c0f5a70b26a92d070e32ecc399e8f7bac9b7a55f1184b0df73d13","has_concept","Concept"
"MKY 主系统","b200bd39eacfa8f16e06852e9e89be21c4d793461bef5d78a614e4d6d89fa311","has_concept","Concept"
